"source_path","asset_kind","coverage_category","reference_only","remake_asset_reused"
"cosmicForge/cosmicForge/cosmicForgeTrailer.mp4","video","promotional/cinematic video","true","false"
"cosmicForge/cosmicForge/icon.png","image","application identity","true","false"
"cosmicForge/cosmicForge/images/achievements/dark/images/achieve100FusionEfficiency.png","image","achievement art","true","false"
"cosmicForge/cosmicForge/images/achievements/dark/images/activateAllWackyNewsTickers.png","image","achievement art","true","false"
"cosmicForge/cosmicForge/images/achievements/dark/images/activateBlackHoleOver10x.png","image","achievement art","true","false"
"cosmicForge/cosmicForge/images/achievements/dark/images/adoptPhilosophy.png","image","achievement art","true","false"
"cosmicForge/cosmicForge/images/achievements/dark/images/bringDownMiaplacideanForceField.png","image","achievement art","true","false"
"cosmicForge/cosmicForge/images/achievements/dark/images/buildPowerPlant.png","image","achievement art","true","false"
"cosmicForge/cosmicForge/images/achievements/dark/images/buildSolarPowerPlant.png","image","achievement art","true","false"
"cosmicForge/cosmicForge/images/achievements/dark/images/bullyEnemyIntoSubmission.png","image","achievement art","true","false"
"cosmicForge/cosmicForge/images/achievements/dark/images/buyCasinoPoints.png","image","achievement art","true","false"
"cosmicForge/cosmicForge/images/achievements/dark/images/closeCosmicRip.png","image","achievement art","true","false"
"cosmicForge/cosmicForge/images/achievements/dark/images/collect1000Hydrogen.png","image","achievement art","true","false"
"cosmicForge/cosmicForge/images/achievements/dark/images/collect100Precipitation.png","image","achievement art","true","false"
"cosmicForge/cosmicForge/images/achievements/dark/images/collect100TitaniumAsPrecipitation.png","image","achievement art","true","false"
"cosmicForge/cosmicForge/images/achievements/dark/images/collect50000Iron.png","image","achievement art","true","false"
"cosmicForge/cosmicForge/images/achievements/dark/images/collect5000Carbon.png","image","achievement art","true","false"
"cosmicForge/cosmicForge/images/achievements/dark/images/collect50Hydrogen.png","image","achievement art","true","false"
"cosmicForge/cosmicForge/images/achievements/dark/images/completeGame.png","image","achievement art","true","false"
"cosmicForge/cosmicForge/images/achievements/dark/images/completeOnboarding.png","image","achievement art","true","false"
"cosmicForge/cosmicForge/images/achievements/dark/images/completeRunOnMiaplacidus.png","image","achievement art","true","false"
"cosmicForge/cosmicForge/images/achievements/dark/images/conquer10StarSystems.png","image","achievement art","true","false"
"cosmicForge/cosmicForge/images/achievements/dark/images/conquer50StarSystems.png","image","achievement art","true","false"
"cosmicForge/cosmicForge/images/achievements/dark/images/conquerBelligerentEnemy.png","image","achievement art","true","false"
"cosmicForge/cosmicForge/images/achievements/dark/images/conquerEnemy.png","image","achievement art","true","false"
"cosmicForge/cosmicForge/images/achievements/dark/images/conquerEnemyWithoutScanning.png","image","achievement art","true","false"
"cosmicForge/cosmicForge/images/achievements/dark/images/conquerHiveMindEnemy.png","image","achievement art","true","false"
"cosmicForge/cosmicForge/images/achievements/dark/images/conquerMegastructureSystem.png","image","achievement art","true","false"
"cosmicForge/cosmicForge/images/achievements/dark/images/createSteel.png","image","achievement art","true","false"
"cosmicForge/cosmicForge/images/achievements/dark/images/createTitanium.png","image","achievement art","true","false"
"cosmicForge/cosmicForge/images/achievements/dark/images/discoverAsteroid.png","image","achievement art","true","false"
"cosmicForge/cosmicForge/images/achievements/dark/images/discoverBlackHole.png","image","achievement art","true","false"
"cosmicForge/cosmicForge/images/achievements/dark/images/discoverLegendaryAsteroid.png","image","achievement art","true","false"
"cosmicForge/cosmicForge/images/achievements/dark/images/discoverSystemWithNoLife.png","image","achievement art","true","false"
"cosmicForge/cosmicForge/images/achievements/dark/images/enjoyEndlessSummer.png","image","achievement art","true","false"
"cosmicForge/cosmicForge/images/achievements/dark/images/findAncientManuscript.png","image","achievement art","true","false"
"cosmicForge/cosmicForge/images/achievements/dark/images/findCosmicRip.png","image","achievement art","true","false"
"cosmicForge/cosmicForge/images/achievements/dark/images/fuseElement.png","image","achievement art","true","false"
"cosmicForge/cosmicForge/images/achievements/dark/images/gain1000000Cash.png","image","achievement art","true","false"
"cosmicForge/cosmicForge/images/achievements/dark/images/gain100000Cash.png","image","achievement art","true","false"
"cosmicForge/cosmicForge/images/achievements/dark/images/gain10000Cash.png","image","achievement art","true","false"
"cosmicForge/cosmicForge/images/achievements/dark/images/gain100Cash.png","image","achievement art","true","false"
"cosmicForge/cosmicForge/images/achievements/dark/images/gain1MTelemetryData.png","image","achievement art","true","false"
"cosmicForge/cosmicForge/images/achievements/dark/images/have4RocketsMiningAntimatter.png","image","achievement art","true","false"
"cosmicForge/cosmicForge/images/achievements/dark/images/have50HoursWithOnePioneer.png","image","achievement art","true","false"
"cosmicForge/cosmicForge/images/achievements/dark/images/haveFleetSizeOf50EachShipType.png","image","achievement art","true","false"
"cosmicForge/cosmicForge/images/achievements/dark/images/initiateDiplomacyWithAlienRace.png","image","achievement art","true","false"
"cosmicForge/cosmicForge/images/achievements/dark/images/launchRocket.png","image","achievement art","true","false"
"cosmicForge/cosmicForge/images/achievements/dark/images/launchStarship.png","image","achievement art","true","false"
"cosmicForge/cosmicForge/images/achievements/dark/images/liquidateAllAssets.png","image","achievement art","true","false"
"cosmicForge/cosmicForge/images/achievements/dark/images/mineAllAntimatterAsteroid.png","image","achievement art","true","false"
"cosmicForge/cosmicForge/images/achievements/dark/images/performGalacticMarketTransaction.png","image","achievement art","true","false"
"cosmicForge/cosmicForge/images/achievements/dark/images/rebirth.png","image","achievement art","true","false"
"cosmicForge/cosmicForge/images/achievements/dark/images/researchAllTechnologies.png","image","achievement art","true","false"
"cosmicForge/cosmicForge/images/achievements/dark/images/researchTechnology.png","image","achievement art","true","false"
"cosmicForge/cosmicForge/images/achievements/dark/images/restoreNearSpaceScannerArray.png","image","achievement art","true","false"
"cosmicForge/cosmicForge/images/achievements/dark/images/seeAllNewsTickers.png","image","achievement art","true","false"
"cosmicForge/cosmicForge/images/achievements/dark/images/settleSystem.png","image","achievement art","true","false"
"cosmicForge/cosmicForge/images/achievements/dark/images/settleUnoccupiedSystem.png","image","achievement art","true","false"
"cosmicForge/cosmicForge/images/achievements/dark/images/spendAP.png","image","achievement art","true","false"
"cosmicForge/cosmicForge/images/achievements/dark/images/studyAllStarsInOneRun.png","image","achievement art","true","false"
"cosmicForge/cosmicForge/images/achievements/dark/images/studyStar.png","image","achievement art","true","false"
"cosmicForge/cosmicForge/images/achievements/dark/images/studyStarMoreThan20LYAway.png","image","achievement art","true","false"
"cosmicForge/cosmicForge/images/achievements/dark/images/studyStarMoreThan5LYAway.png","image","achievement art","true","false"
"cosmicForge/cosmicForge/images/achievements/dark/images/suffer5NegativeEvents.png","image","achievement art","true","false"
"cosmicForge/cosmicForge/images/achievements/dark/images/trade10APForCash.png","image","achievement art","true","false"
"cosmicForge/cosmicForge/images/achievements/dark/images/tripPower.png","image","achievement art","true","false"
"cosmicForge/cosmicForge/images/achievements/dark/images/tryAllThemes.png","image","achievement art","true","false"
"cosmicForge/cosmicForge/images/achievements/dark/images/unlockCompounds.png","image","achievement art","true","false"
"cosmicForge/cosmicForge/images/achievements/dark/images/vassalizeEnemy.png","image","achievement art","true","false"
"cosmicForge/cosmicForge/images/achievements/dark/images/winAllCasinoGames.png","image","achievement art","true","false"
"cosmicForge/cosmicForge/images/achievements/dark/images/winWheelSpecialPrize.png","image","achievement art","true","false"
"cosmicForge/cosmicForge/images/achievements/frosty/images/achieve100FusionEfficiency.png","image","achievement art","true","false"
"cosmicForge/cosmicForge/images/achievements/frosty/images/activateAllWackyNewsTickers.png","image","achievement art","true","false"
"cosmicForge/cosmicForge/images/achievements/frosty/images/activateBlackHoleOver10x.png","image","achievement art","true","false"
"cosmicForge/cosmicForge/images/achievements/frosty/images/adoptPhilosophy.png","image","achievement art","true","false"
"cosmicForge/cosmicForge/images/achievements/frosty/images/bringDownMiaplacideanForceField.png","image","achievement art","true","false"
"cosmicForge/cosmicForge/images/achievements/frosty/images/buildPowerPlant.png","image","achievement art","true","false"
"cosmicForge/cosmicForge/images/achievements/frosty/images/buildSolarPowerPlant.png","image","achievement art","true","false"
"cosmicForge/cosmicForge/images/achievements/frosty/images/bullyEnemyIntoSubmission.png","image","achievement art","true","false"
"cosmicForge/cosmicForge/images/achievements/frosty/images/buyCasinoPoints.png","image","achievement art","true","false"
"cosmicForge/cosmicForge/images/achievements/frosty/images/closeCosmicRip.png","image","achievement art","true","false"
"cosmicForge/cosmicForge/images/achievements/frosty/images/collect1000Hydrogen.png","image","achievement art","true","false"
"cosmicForge/cosmicForge/images/achievements/frosty/images/collect100Precipitation.png","image","achievement art","true","false"
"cosmicForge/cosmicForge/images/achievements/frosty/images/collect100TitaniumAsPrecipitation.png","image","achievement art","true","false"
"cosmicForge/cosmicForge/images/achievements/frosty/images/collect50000Iron.png","image","achievement art","true","false"
"cosmicForge/cosmicForge/images/achievements/frosty/images/collect5000Carbon.png","image","achievement art","true","false"
"cosmicForge/cosmicForge/images/achievements/frosty/images/collect50Hydrogen.png","image","achievement art","true","false"
"cosmicForge/cosmicForge/images/achievements/frosty/images/completeGame.png","image","achievement art","true","false"
"cosmicForge/cosmicForge/images/achievements/frosty/images/completeOnboarding.png","image","achievement art","true","false"
"cosmicForge/cosmicForge/images/achievements/frosty/images/completeRunOnMiaplacidus.png","image","achievement art","true","false"
"cosmicForge/cosmicForge/images/achievements/frosty/images/conquer10StarSystems.png","image","achievement art","true","false"
"cosmicForge/cosmicForge/images/achievements/frosty/images/conquer50StarSystems.png","image","achievement art","true","false"
"cosmicForge/cosmicForge/images/achievements/frosty/images/conquerBelligerentEnemy.png","image","achievement art","true","false"
"cosmicForge/cosmicForge/images/achievements/frosty/images/conquerEnemy.png","image","achievement art","true","false"
"cosmicForge/cosmicForge/images/achievements/frosty/images/conquerEnemyWithoutScanning.png","image","achievement art","true","false"
"cosmicForge/cosmicForge/images/achievements/frosty/images/conquerHiveMindEnemy.png","image","achievement art","true","false"
"cosmicForge/cosmicForge/images/achievements/frosty/images/conquerMegastructureSystem.png","image","achievement art","true","false"
"cosmicForge/cosmicForge/images/achievements/frosty/images/createSteel.png","image","achievement art","true","false"
"cosmicForge/cosmicForge/images/achievements/frosty/images/createTitanium.png","image","achievement art","true","false"
"cosmicForge/cosmicForge/images/achievements/frosty/images/discoverAsteroid.png","image","achievement art","true","false"
"cosmicForge/cosmicForge/images/achievements/frosty/images/discoverBlackHole.png","image","achievement art","true","false"
"cosmicForge/cosmicForge/images/achievements/frosty/images/discoverLegendaryAsteroid.png","image","achievement art","true","false"
"cosmicForge/cosmicForge/images/achievements/frosty/images/discoverSystemWithNoLife.png","image","achievement art","true","false"
"cosmicForge/cosmicForge/images/achievements/frosty/images/enjoyEndlessSummer.png","image","achievement art","true","false"
"cosmicForge/cosmicForge/images/achievements/frosty/images/findAncientManuscript.png","image","achievement art","true","false"
"cosmicForge/cosmicForge/images/achievements/frosty/images/findCosmicRip.png","image","achievement art","true","false"
"cosmicForge/cosmicForge/images/achievements/frosty/images/fuseElement.png","image","achievement art","true","false"
"cosmicForge/cosmicForge/images/achievements/frosty/images/gain1000000Cash.png","image","achievement art","true","false"
"cosmicForge/cosmicForge/images/achievements/frosty/images/gain100000Cash.png","image","achievement art","true","false"
"cosmicForge/cosmicForge/images/achievements/frosty/images/gain10000Cash.png","image","achievement art","true","false"
"cosmicForge/cosmicForge/images/achievements/frosty/images/gain100Cash.png","image","achievement art","true","false"
"cosmicForge/cosmicForge/images/achievements/frosty/images/gain1MTelemetryData.png","image","achievement art","true","false"
"cosmicForge/cosmicForge/images/achievements/frosty/images/have4RocketsMiningAntimatter.png","image","achievement art","true","false"
"cosmicForge/cosmicForge/images/achievements/frosty/images/have50HoursWithOnePioneer.png","image","achievement art","true","false"
"cosmicForge/cosmicForge/images/achievements/frosty/images/haveFleetSizeOf50EachShipType.png","image","achievement art","true","false"
"cosmicForge/cosmicForge/images/achievements/frosty/images/initiateDiplomacyWithAlienRace.png","image","achievement art","true","false"
"cosmicForge/cosmicForge/images/achievements/frosty/images/launchRocket.png","image","achievement art","true","false"
"cosmicForge/cosmicForge/images/achievements/frosty/images/launchStarship.png","image","achievement art","true","false"
"cosmicForge/cosmicForge/images/achievements/frosty/images/liquidateAllAssets.png","image","achievement art","true","false"
"cosmicForge/cosmicForge/images/achievements/frosty/images/mineAllAntimatterAsteroid.png","image","achievement art","true","false"
"cosmicForge/cosmicForge/images/achievements/frosty/images/performGalacticMarketTransaction.png","image","achievement art","true","false"
"cosmicForge/cosmicForge/images/achievements/frosty/images/rebirth.png","image","achievement art","true","false"
"cosmicForge/cosmicForge/images/achievements/frosty/images/researchAllTechnologies.png","image","achievement art","true","false"
"cosmicForge/cosmicForge/images/achievements/frosty/images/researchTechnology.png","image","achievement art","true","false"
"cosmicForge/cosmicForge/images/achievements/frosty/images/restoreNearSpaceScannerArray.png","image","achievement art","true","false"
"cosmicForge/cosmicForge/images/achievements/frosty/images/seeAllNewsTickers.png","image","achievement art","true","false"
"cosmicForge/cosmicForge/images/achievements/frosty/images/settleSystem.png","image","achievement art","true","false"
"cosmicForge/cosmicForge/images/achievements/frosty/images/settleUnoccupiedSystem.png","image","achievement art","true","false"
"cosmicForge/cosmicForge/images/achievements/frosty/images/spendAP.png","image","achievement art","true","false"
"cosmicForge/cosmicForge/images/achievements/frosty/images/studyAllStarsInOneRun.png","image","achievement art","true","false"
"cosmicForge/cosmicForge/images/achievements/frosty/images/studyStar.png","image","achievement art","true","false"
"cosmicForge/cosmicForge/images/achievements/frosty/images/studyStarMoreThan20LYAway.png","image","achievement art","true","false"
"cosmicForge/cosmicForge/images/achievements/frosty/images/studyStarMoreThan5LYAway.png","image","achievement art","true","false"
"cosmicForge/cosmicForge/images/achievements/frosty/images/suffer5NegativeEvents.png","image","achievement art","true","false"
"cosmicForge/cosmicForge/images/achievements/frosty/images/trade10APForCash.png","image","achievement art","true","false"
"cosmicForge/cosmicForge/images/achievements/frosty/images/tripPower.png","image","achievement art","true","false"
"cosmicForge/cosmicForge/images/achievements/frosty/images/tryAllThemes.png","image","achievement art","true","false"
"cosmicForge/cosmicForge/images/achievements/frosty/images/unlockCompounds.png","image","achievement art","true","false"
"cosmicForge/cosmicForge/images/achievements/frosty/images/vassalizeEnemy.png","image","achievement art","true","false"
"cosmicForge/cosmicForge/images/achievements/frosty/images/winAllCasinoGames.png","image","achievement art","true","false"
"cosmicForge/cosmicForge/images/achievements/frosty/images/winWheelSpecialPrize.png","image","achievement art","true","false"
"cosmicForge/cosmicForge/images/achievements/galaxy/images/achieve100FusionEfficiency.png","image","achievement art","true","false"
"cosmicForge/cosmicForge/images/achievements/galaxy/images/activateAllWackyNewsTickers.png","image","achievement art","true","false"
"cosmicForge/cosmicForge/images/achievements/galaxy/images/activateBlackHoleOver10x.png","image","achievement art","true","false"
"cosmicForge/cosmicForge/images/achievements/galaxy/images/adoptPhilosophy.png","image","achievement art","true","false"
"cosmicForge/cosmicForge/images/achievements/galaxy/images/bringDownMiaplacideanForceField.png","image","achievement art","true","false"
"cosmicForge/cosmicForge/images/achievements/galaxy/images/buildPowerPlant.png","image","achievement art","true","false"
"cosmicForge/cosmicForge/images/achievements/galaxy/images/buildSolarPowerPlant.png","image","achievement art","true","false"
"cosmicForge/cosmicForge/images/achievements/galaxy/images/bullyEnemyIntoSubmission.png","image","achievement art","true","false"
"cosmicForge/cosmicForge/images/achievements/galaxy/images/buyCasinoPoints.png","image","achievement art","true","false"
"cosmicForge/cosmicForge/images/achievements/galaxy/images/closeCosmicRip.png","image","achievement art","true","false"
"cosmicForge/cosmicForge/images/achievements/galaxy/images/collect1000Hydrogen.png","image","achievement art","true","false"
"cosmicForge/cosmicForge/images/achievements/galaxy/images/collect100Precipitation.png","image","achievement art","true","false"
"cosmicForge/cosmicForge/images/achievements/galaxy/images/collect100TitaniumAsPrecipitation.png","image","achievement art","true","false"
"cosmicForge/cosmicForge/images/achievements/galaxy/images/collect50000Iron.png","image","achievement art","true","false"
"cosmicForge/cosmicForge/images/achievements/galaxy/images/collect5000Carbon.png","image","achievement art","true","false"
"cosmicForge/cosmicForge/images/achievements/galaxy/images/collect50Hydrogen.png","image","achievement art","true","false"
"cosmicForge/cosmicForge/images/achievements/galaxy/images/completeGame.png","image","achievement art","true","false"
"cosmicForge/cosmicForge/images/achievements/galaxy/images/completeOnboarding.png","image","achievement art","true","false"
"cosmicForge/cosmicForge/images/achievements/galaxy/images/completeRunOnMiaplacidus.png","image","achievement art","true","false"
"cosmicForge/cosmicForge/images/achievements/galaxy/images/conquer10StarSystems.png","image","achievement art","true","false"
"cosmicForge/cosmicForge/images/achievements/galaxy/images/conquer50StarSystems.png","image","achievement art","true","false"
"cosmicForge/cosmicForge/images/achievements/galaxy/images/conquerBelligerentEnemy.png","image","achievement art","true","false"
"cosmicForge/cosmicForge/images/achievements/galaxy/images/conquerEnemy.png","image","achievement art","true","false"
"cosmicForge/cosmicForge/images/achievements/galaxy/images/conquerEnemyWithoutScanning.png","image","achievement art","true","false"
"cosmicForge/cosmicForge/images/achievements/galaxy/images/conquerHiveMindEnemy.png","image","achievement art","true","false"
"cosmicForge/cosmicForge/images/achievements/galaxy/images/conquerMegastructureSystem.png","image","achievement art","true","false"
"cosmicForge/cosmicForge/images/achievements/galaxy/images/createSteel.png","image","achievement art","true","false"
"cosmicForge/cosmicForge/images/achievements/galaxy/images/createTitanium.png","image","achievement art","true","false"
"cosmicForge/cosmicForge/images/achievements/galaxy/images/discoverAsteroid.png","image","achievement art","true","false"
"cosmicForge/cosmicForge/images/achievements/galaxy/images/discoverBlackHole.png","image","achievement art","true","false"
"cosmicForge/cosmicForge/images/achievements/galaxy/images/discoverLegendaryAsteroid.png","image","achievement art","true","false"
"cosmicForge/cosmicForge/images/achievements/galaxy/images/discoverSystemWithNoLife.png","image","achievement art","true","false"
"cosmicForge/cosmicForge/images/achievements/galaxy/images/enjoyEndlessSummer.png","image","achievement art","true","false"
"cosmicForge/cosmicForge/images/achievements/galaxy/images/findAncientManuscript.png","image","achievement art","true","false"
"cosmicForge/cosmicForge/images/achievements/galaxy/images/findCosmicRip.png","image","achievement art","true","false"
"cosmicForge/cosmicForge/images/achievements/galaxy/images/fuseElement.png","image","achievement art","true","false"
"cosmicForge/cosmicForge/images/achievements/galaxy/images/gain1000000Cash.png","image","achievement art","true","false"
"cosmicForge/cosmicForge/images/achievements/galaxy/images/gain100000Cash.png","image","achievement art","true","false"
"cosmicForge/cosmicForge/images/achievements/galaxy/images/gain10000Cash.png","image","achievement art","true","false"
"cosmicForge/cosmicForge/images/achievements/galaxy/images/gain100Cash.png","image","achievement art","true","false"
"cosmicForge/cosmicForge/images/achievements/galaxy/images/gain1MTelemetryData.png","image","achievement art","true","false"
"cosmicForge/cosmicForge/images/achievements/galaxy/images/have4RocketsMiningAntimatter.png","image","achievement art","true","false"
"cosmicForge/cosmicForge/images/achievements/galaxy/images/have50HoursWithOnePioneer.png","image","achievement art","true","false"
"cosmicForge/cosmicForge/images/achievements/galaxy/images/haveFleetSizeOf50EachShipType.png","image","achievement art","true","false"
"cosmicForge/cosmicForge/images/achievements/galaxy/images/initiateDiplomacyWithAlienRace.png","image","achievement art","true","false"
"cosmicForge/cosmicForge/images/achievements/galaxy/images/launchRocket.png","image","achievement art","true","false"
"cosmicForge/cosmicForge/images/achievements/galaxy/images/launchStarship.png","image","achievement art","true","false"
"cosmicForge/cosmicForge/images/achievements/galaxy/images/liquidateAllAssets.png","image","achievement art","true","false"
"cosmicForge/cosmicForge/images/achievements/galaxy/images/mineAllAntimatterAsteroid.png","image","achievement art","true","false"
"cosmicForge/cosmicForge/images/achievements/galaxy/images/performGalacticMarketTransaction.png","image","achievement art","true","false"
"cosmicForge/cosmicForge/images/achievements/galaxy/images/rebirth.png","image","achievement art","true","false"
"cosmicForge/cosmicForge/images/achievements/galaxy/images/researchAllTechnologies.png","image","achievement art","true","false"
"cosmicForge/cosmicForge/images/achievements/galaxy/images/researchTechnology.png","image","achievement art","true","false"
"cosmicForge/cosmicForge/images/achievements/galaxy/images/restoreNearSpaceScannerArray.png","image","achievement art","true","false"
"cosmicForge/cosmicForge/images/achievements/galaxy/images/seeAllNewsTickers.png","image","achievement art","true","false"
"cosmicForge/cosmicForge/images/achievements/galaxy/images/settleSystem.png","image","achievement art","true","false"
"cosmicForge/cosmicForge/images/achievements/galaxy/images/settleUnoccupiedSystem.png","image","achievement art","true","false"
"cosmicForge/cosmicForge/images/achievements/galaxy/images/spendAP.png","image","achievement art","true","false"
"cosmicForge/cosmicForge/images/achievements/galaxy/images/studyAllStarsInOneRun.png","image","achievement art","true","false"
"cosmicForge/cosmicForge/images/achievements/galaxy/images/studyStar.png","image","achievement art","true","false"
"cosmicForge/cosmicForge/images/achievements/galaxy/images/studyStarMoreThan20LYAway.png","image","achievement art","true","false"
"cosmicForge/cosmicForge/images/achievements/galaxy/images/studyStarMoreThan5LYAway.png","image","achievement art","true","false"
"cosmicForge/cosmicForge/images/achievements/galaxy/images/suffer5NegativeEvents.png","image","achievement art","true","false"
"cosmicForge/cosmicForge/images/achievements/galaxy/images/trade10APForCash.png","image","achievement art","true","false"
"cosmicForge/cosmicForge/images/achievements/galaxy/images/tripPower.png","image","achievement art","true","false"
"cosmicForge/cosmicForge/images/achievements/galaxy/images/tryAllThemes.png","image","achievement art","true","false"
"cosmicForge/cosmicForge/images/achievements/galaxy/images/unlockCompounds.png","image","achievement art","true","false"
"cosmicForge/cosmicForge/images/achievements/galaxy/images/vassalizeEnemy.png","image","achievement art","true","false"
"cosmicForge/cosmicForge/images/achievements/galaxy/images/winAllCasinoGames.png","image","achievement art","true","false"
"cosmicForge/cosmicForge/images/achievements/galaxy/images/winWheelSpecialPrize.png","image","achievement art","true","false"
"cosmicForge/cosmicForge/images/achievements/light/images/achieve100FusionEfficiency.png","image","achievement art","true","false"
"cosmicForge/cosmicForge/images/achievements/light/images/activateAllWackyNewsTickers.png","image","achievement art","true","false"
"cosmicForge/cosmicForge/images/achievements/light/images/activateBlackHoleOver10x.png","image","achievement art","true","false"
"cosmicForge/cosmicForge/images/achievements/light/images/adoptPhilosophy.png","image","achievement art","true","false"
"cosmicForge/cosmicForge/images/achievements/light/images/bringDownMiaplacideanForceField.png","image","achievement art","true","false"
"cosmicForge/cosmicForge/images/achievements/light/images/buildPowerPlant.png","image","achievement art","true","false"
"cosmicForge/cosmicForge/images/achievements/light/images/buildSolarPowerPlant.png","image","achievement art","true","false"
"cosmicForge/cosmicForge/images/achievements/light/images/bullyEnemyIntoSubmission.png","image","achievement art","true","false"
"cosmicForge/cosmicForge/images/achievements/light/images/buyCasinoPoints.png","image","achievement art","true","false"
"cosmicForge/cosmicForge/images/achievements/light/images/closeCosmicRip.png","image","achievement art","true","false"
"cosmicForge/cosmicForge/images/achievements/light/images/collect1000Hydrogen.png","image","achievement art","true","false"
"cosmicForge/cosmicForge/images/achievements/light/images/collect100Precipitation.png","image","achievement art","true","false"
"cosmicForge/cosmicForge/images/achievements/light/images/collect100TitaniumAsPrecipitation.png","image","achievement art","true","false"
"cosmicForge/cosmicForge/images/achievements/light/images/collect50000Iron.png","image","achievement art","true","false"
"cosmicForge/cosmicForge/images/achievements/light/images/collect5000Carbon.png","image","achievement art","true","false"
"cosmicForge/cosmicForge/images/achievements/light/images/collect50Hydrogen.png","image","achievement art","true","false"
"cosmicForge/cosmicForge/images/achievements/light/images/completeGame.png","image","achievement art","true","false"
"cosmicForge/cosmicForge/images/achievements/light/images/completeOnboarding.png","image","achievement art","true","false"
"cosmicForge/cosmicForge/images/achievements/light/images/completeRunOnMiaplacidus.png","image","achievement art","true","false"
"cosmicForge/cosmicForge/images/achievements/light/images/conquer10StarSystems.png","image","achievement art","true","false"
"cosmicForge/cosmicForge/images/achievements/light/images/conquer50StarSystems.png","image","achievement art","true","false"
"cosmicForge/cosmicForge/images/achievements/light/images/conquerBelligerentEnemy.png","image","achievement art","true","false"
"cosmicForge/cosmicForge/images/achievements/light/images/conquerEnemy.png","image","achievement art","true","false"
"cosmicForge/cosmicForge/images/achievements/light/images/conquerEnemyWithoutScanning.png","image","achievement art","true","false"
"cosmicForge/cosmicForge/images/achievements/light/images/conquerHiveMindEnemy.png","image","achievement art","true","false"
"cosmicForge/cosmicForge/images/achievements/light/images/conquerMegastructureSystem.png","image","achievement art","true","false"
"cosmicForge/cosmicForge/images/achievements/light/images/createSteel.png","image","achievement art","true","false"
"cosmicForge/cosmicForge/images/achievements/light/images/createTitanium.png","image","achievement art","true","false"
"cosmicForge/cosmicForge/images/achievements/light/images/discoverAsteroid.png","image","achievement art","true","false"
"cosmicForge/cosmicForge/images/achievements/light/images/discoverBlackHole.png","image","achievement art","true","false"
"cosmicForge/cosmicForge/images/achievements/light/images/discoverLegendaryAsteroid.png","image","achievement art","true","false"
"cosmicForge/cosmicForge/images/achievements/light/images/discoverSystemWithNoLife.png","image","achievement art","true","false"
"cosmicForge/cosmicForge/images/achievements/light/images/enjoyEndlessSummer.png","image","achievement art","true","false"
"cosmicForge/cosmicForge/images/achievements/light/images/findAncientManuscript.png","image","achievement art","true","false"
"cosmicForge/cosmicForge/images/achievements/light/images/findCosmicRip.png","image","achievement art","true","false"
"cosmicForge/cosmicForge/images/achievements/light/images/fuseElement.png","image","achievement art","true","false"
"cosmicForge/cosmicForge/images/achievements/light/images/gain1000000Cash.png","image","achievement art","true","false"
"cosmicForge/cosmicForge/images/achievements/light/images/gain100000Cash.png","image","achievement art","true","false"
"cosmicForge/cosmicForge/images/achievements/light/images/gain10000Cash.png","image","achievement art","true","false"
"cosmicForge/cosmicForge/images/achievements/light/images/gain100Cash.png","image","achievement art","true","false"
"cosmicForge/cosmicForge/images/achievements/light/images/gain1MTelemetryData.png","image","achievement art","true","false"
"cosmicForge/cosmicForge/images/achievements/light/images/have4RocketsMiningAntimatter.png","image","achievement art","true","false"
"cosmicForge/cosmicForge/images/achievements/light/images/have50HoursWithOnePioneer.png","image","achievement art","true","false"
"cosmicForge/cosmicForge/images/achievements/light/images/haveFleetSizeOf50EachShipType.png","image","achievement art","true","false"
"cosmicForge/cosmicForge/images/achievements/light/images/initiateDiplomacyWithAlienRace.png","image","achievement art","true","false"
"cosmicForge/cosmicForge/images/achievements/light/images/launchRocket.png","image","achievement art","true","false"
"cosmicForge/cosmicForge/images/achievements/light/images/launchStarship.png","image","achievement art","true","false"
"cosmicForge/cosmicForge/images/achievements/light/images/liquidateAllAssets.png","image","achievement art","true","false"
"cosmicForge/cosmicForge/images/achievements/light/images/mineAllAntimatterAsteroid.png","image","achievement art","true","false"
"cosmicForge/cosmicForge/images/achievements/light/images/performGalacticMarketTransaction.png","image","achievement art","true","false"
"cosmicForge/cosmicForge/images/achievements/light/images/rebirth.png","image","achievement art","true","false"
"cosmicForge/cosmicForge/images/achievements/light/images/researchAllTechnologies.png","image","achievement art","true","false"
"cosmicForge/cosmicForge/images/achievements/light/images/researchTechnology.png","image","achievement art","true","false"
"cosmicForge/cosmicForge/images/achievements/light/images/restoreNearSpaceScannerArray.png","image","achievement art","true","false"
"cosmicForge/cosmicForge/images/achievements/light/images/seeAllNewsTickers.png","image","achievement art","true","false"
"cosmicForge/cosmicForge/images/achievements/light/images/settleSystem.png","image","achievement art","true","false"
"cosmicForge/cosmicForge/images/achievements/light/images/settleUnoccupiedSystem.png","image","achievement art","true","false"
"cosmicForge/cosmicForge/images/achievements/light/images/spendAP.png","image","achievement art","true","false"
"cosmicForge/cosmicForge/images/achievements/light/images/studyAllStarsInOneRun.png","image","achievement art","true","false"
"cosmicForge/cosmicForge/images/achievements/light/images/studyStar.png","image","achievement art","true","false"
"cosmicForge/cosmicForge/images/achievements/light/images/studyStarMoreThan20LYAway.png","image","achievement art","true","false"
"cosmicForge/cosmicForge/images/achievements/light/images/studyStarMoreThan5LYAway.png","image","achievement art","true","false"
"cosmicForge/cosmicForge/images/achievements/light/images/suffer5NegativeEvents.png","image","achievement art","true","false"
"cosmicForge/cosmicForge/images/achievements/light/images/trade10APForCash.png","image","achievement art","true","false"
"cosmicForge/cosmicForge/images/achievements/light/images/tripPower.png","image","achievement art","true","false"
"cosmicForge/cosmicForge/images/achievements/light/images/tryAllThemes.png","image","achievement art","true","false"
"cosmicForge/cosmicForge/images/achievements/light/images/unlockCompounds.png","image","achievement art","true","false"
"cosmicForge/cosmicForge/images/achievements/light/images/vassalizeEnemy.png","image","achievement art","true","false"
"cosmicForge/cosmicForge/images/achievements/light/images/winAllCasinoGames.png","image","achievement art","true","false"
"cosmicForge/cosmicForge/images/achievements/light/images/winWheelSpecialPrize.png","image","achievement art","true","false"
"cosmicForge/cosmicForge/images/achievements/misty/images/achieve100FusionEfficiency.png","image","achievement art","true","false"
"cosmicForge/cosmicForge/images/achievements/misty/images/activateAllWackyNewsTickers.png","image","achievement art","true","false"
"cosmicForge/cosmicForge/images/achievements/misty/images/activateBlackHoleOver10x.png","image","achievement art","true","false"
"cosmicForge/cosmicForge/images/achievements/misty/images/adoptPhilosophy.png","image","achievement art","true","false"
"cosmicForge/cosmicForge/images/achievements/misty/images/bringDownMiaplacideanForceField.png","image","achievement art","true","false"
"cosmicForge/cosmicForge/images/achievements/misty/images/buildPowerPlant.png","image","achievement art","true","false"
"cosmicForge/cosmicForge/images/achievements/misty/images/buildSolarPowerPlant.png","image","achievement art","true","false"
"cosmicForge/cosmicForge/images/achievements/misty/images/bullyEnemyIntoSubmission.png","image","achievement art","true","false"
"cosmicForge/cosmicForge/images/achievements/misty/images/buyCasinoPoints.png","image","achievement art","true","false"
"cosmicForge/cosmicForge/images/achievements/misty/images/closeCosmicRip.png","image","achievement art","true","false"
"cosmicForge/cosmicForge/images/achievements/misty/images/collect1000Hydrogen.png","image","achievement art","true","false"
"cosmicForge/cosmicForge/images/achievements/misty/images/collect100Precipitation.png","image","achievement art","true","false"
"cosmicForge/cosmicForge/images/achievements/misty/images/collect100TitaniumAsPrecipitation.png","image","achievement art","true","false"
"cosmicForge/cosmicForge/images/achievements/misty/images/collect50000Iron.png","image","achievement art","true","false"
"cosmicForge/cosmicForge/images/achievements/misty/images/collect5000Carbon.png","image","achievement art","true","false"
"cosmicForge/cosmicForge/images/achievements/misty/images/collect50Hydrogen.png","image","achievement art","true","false"
"cosmicForge/cosmicForge/images/achievements/misty/images/completeGame.png","image","achievement art","true","false"
"cosmicForge/cosmicForge/images/achievements/misty/images/completeOnboarding.png","image","achievement art","true","false"
"cosmicForge/cosmicForge/images/achievements/misty/images/completeRunOnMiaplacidus.png","image","achievement art","true","false"
"cosmicForge/cosmicForge/images/achievements/misty/images/conquer10StarSystems.png","image","achievement art","true","false"
"cosmicForge/cosmicForge/images/achievements/misty/images/conquer50StarSystems.png","image","achievement art","true","false"
"cosmicForge/cosmicForge/images/achievements/misty/images/conquerBelligerentEnemy.png","image","achievement art","true","false"
"cosmicForge/cosmicForge/images/achievements/misty/images/conquerEnemy.png","image","achievement art","true","false"
"cosmicForge/cosmicForge/images/achievements/misty/images/conquerEnemyWithoutScanning.png","image","achievement art","true","false"
"cosmicForge/cosmicForge/images/achievements/misty/images/conquerHiveMindEnemy.png","image","achievement art","true","false"
"cosmicForge/cosmicForge/images/achievements/misty/images/conquerMegastructureSystem.png","image","achievement art","true","false"
"cosmicForge/cosmicForge/images/achievements/misty/images/createSteel.png","image","achievement art","true","false"
"cosmicForge/cosmicForge/images/achievements/misty/images/createTitanium.png","image","achievement art","true","false"
"cosmicForge/cosmicForge/images/achievements/misty/images/discoverAsteroid.png","image","achievement art","true","false"
"cosmicForge/cosmicForge/images/achievements/misty/images/discoverBlackHole.png","image","achievement art","true","false"
"cosmicForge/cosmicForge/images/achievements/misty/images/discoverLegendaryAsteroid.png","image","achievement art","true","false"
"cosmicForge/cosmicForge/images/achievements/misty/images/discoverSystemWithNoLife.png","image","achievement art","true","false"
"cosmicForge/cosmicForge/images/achievements/misty/images/enjoyEndlessSummer.png","image","achievement art","true","false"
"cosmicForge/cosmicForge/images/achievements/misty/images/findAncientManuscript.png","image","achievement art","true","false"
"cosmicForge/cosmicForge/images/achievements/misty/images/findCosmicRip.png","image","achievement art","true","false"
"cosmicForge/cosmicForge/images/achievements/misty/images/fuseElement.png","image","achievement art","true","false"
"cosmicForge/cosmicForge/images/achievements/misty/images/gain1000000Cash.png","image","achievement art","true","false"
"cosmicForge/cosmicForge/images/achievements/misty/images/gain100000Cash.png","image","achievement art","true","false"
"cosmicForge/cosmicForge/images/achievements/misty/images/gain10000Cash.png","image","achievement art","true","false"
"cosmicForge/cosmicForge/images/achievements/misty/images/gain100Cash.png","image","achievement art","true","false"
"cosmicForge/cosmicForge/images/achievements/misty/images/gain1MTelemetryData.png","image","achievement art","true","false"
"cosmicForge/cosmicForge/images/achievements/misty/images/have4RocketsMiningAntimatter.png","image","achievement art","true","false"
"cosmicForge/cosmicForge/images/achievements/misty/images/have50HoursWithOnePioneer.png","image","achievement art","true","false"
"cosmicForge/cosmicForge/images/achievements/misty/images/haveFleetSizeOf50EachShipType.png","image","achievement art","true","false"
"cosmicForge/cosmicForge/images/achievements/misty/images/initiateDiplomacyWithAlienRace.png","image","achievement art","true","false"
"cosmicForge/cosmicForge/images/achievements/misty/images/launchRocket.png","image","achievement art","true","false"
"cosmicForge/cosmicForge/images/achievements/misty/images/launchStarship.png","image","achievement art","true","false"
"cosmicForge/cosmicForge/images/achievements/misty/images/liquidateAllAssets.png","image","achievement art","true","false"
"cosmicForge/cosmicForge/images/achievements/misty/images/mineAllAntimatterAsteroid.png","image","achievement art","true","false"
"cosmicForge/cosmicForge/images/achievements/misty/images/performGalacticMarketTransaction.png","image","achievement art","true","false"
"cosmicForge/cosmicForge/images/achievements/misty/images/rebirth.png","image","achievement art","true","false"
"cosmicForge/cosmicForge/images/achievements/misty/images/researchAllTechnologies.png","image","achievement art","true","false"
"cosmicForge/cosmicForge/images/achievements/misty/images/researchTechnology.png","image","achievement art","true","false"
"cosmicForge/cosmicForge/images/achievements/misty/images/restoreNearSpaceScannerArray.png","image","achievement art","true","false"
"cosmicForge/cosmicForge/images/achievements/misty/images/seeAllNewsTickers.png","image","achievement art","true","false"
"cosmicForge/cosmicForge/images/achievements/misty/images/settleSystem.png","image","achievement art","true","false"
"cosmicForge/cosmicForge/images/achievements/misty/images/settleUnoccupiedSystem.png","image","achievement art","true","false"
"cosmicForge/cosmicForge/images/achievements/misty/images/spendAP.png","image","achievement art","true","false"
"cosmicForge/cosmicForge/images/achievements/misty/images/studyAllStarsInOneRun.png","image","achievement art","true","false"
"cosmicForge/cosmicForge/images/achievements/misty/images/studyStar.png","image","achievement art","true","false"
"cosmicForge/cosmicForge/images/achievements/misty/images/studyStarMoreThan20LYAway.png","image","achievement art","true","false"
"cosmicForge/cosmicForge/images/achievements/misty/images/studyStarMoreThan5LYAway.png","image","achievement art","true","false"
"cosmicForge/cosmicForge/images/achievements/misty/images/suffer5NegativeEvents.png","image","achievement art","true","false"
"cosmicForge/cosmicForge/images/achievements/misty/images/trade10APForCash.png","image","achievement art","true","false"
"cosmicForge/cosmicForge/images/achievements/misty/images/tripPower.png","image","achievement art","true","false"
"cosmicForge/cosmicForge/images/achievements/misty/images/tryAllThemes.png","image","achievement art","true","false"
"cosmicForge/cosmicForge/images/achievements/misty/images/unlockCompounds.png","image","achievement art","true","false"
"cosmicForge/cosmicForge/images/achievements/misty/images/vassalizeEnemy.png","image","achievement art","true","false"
"cosmicForge/cosmicForge/images/achievements/misty/images/winAllCasinoGames.png","image","achievement art","true","false"
"cosmicForge/cosmicForge/images/achievements/misty/images/winWheelSpecialPrize.png","image","achievement art","true","false"
"cosmicForge/cosmicForge/images/achievements/space/images/achieve100FusionEfficiency.png","image","achievement art","true","false"
"cosmicForge/cosmicForge/images/achievements/space/images/activateAllWackyNewsTickers.png","image","achievement art","true","false"
"cosmicForge/cosmicForge/images/achievements/space/images/activateBlackHoleOver10x.png","image","achievement art","true","false"
"cosmicForge/cosmicForge/images/achievements/space/images/adoptPhilosophy.png","image","achievement art","true","false"
"cosmicForge/cosmicForge/images/achievements/space/images/bringDownMiaplacideanForceField.png","image","achievement art","true","false"
"cosmicForge/cosmicForge/images/achievements/space/images/buildPowerPlant.png","image","achievement art","true","false"
"cosmicForge/cosmicForge/images/achievements/space/images/buildSolarPowerPlant.png","image","achievement art","true","false"
"cosmicForge/cosmicForge/images/achievements/space/images/bullyEnemyIntoSubmission.png","image","achievement art","true","false"
"cosmicForge/cosmicForge/images/achievements/space/images/buyCasinoPoints.png","image","achievement art","true","false"
"cosmicForge/cosmicForge/images/achievements/space/images/closeCosmicRip.png","image","achievement art","true","false"
"cosmicForge/cosmicForge/images/achievements/space/images/collect1000Hydrogen.png","image","achievement art","true","false"
"cosmicForge/cosmicForge/images/achievements/space/images/collect100Precipitation.png","image","achievement art","true","false"
"cosmicForge/cosmicForge/images/achievements/space/images/collect100TitaniumAsPrecipitation.png","image","achievement art","true","false"
"cosmicForge/cosmicForge/images/achievements/space/images/collect50000Iron.png","image","achievement art","true","false"
"cosmicForge/cosmicForge/images/achievements/space/images/collect5000Carbon.png","image","achievement art","true","false"
"cosmicForge/cosmicForge/images/achievements/space/images/collect50Hydrogen.png","image","achievement art","true","false"
"cosmicForge/cosmicForge/images/achievements/space/images/completeGame.png","image","achievement art","true","false"
"cosmicForge/cosmicForge/images/achievements/space/images/completeOnboarding.png","image","achievement art","true","false"
"cosmicForge/cosmicForge/images/achievements/space/images/completeRunOnMiaplacidus.png","image","achievement art","true","false"
"cosmicForge/cosmicForge/images/achievements/space/images/conquer10StarSystems.png","image","achievement art","true","false"
"cosmicForge/cosmicForge/images/achievements/space/images/conquer50StarSystems.png","image","achievement art","true","false"
"cosmicForge/cosmicForge/images/achievements/space/images/conquerBelligerentEnemy.png","image","achievement art","true","false"
"cosmicForge/cosmicForge/images/achievements/space/images/conquerEnemy.png","image","achievement art","true","false"
"cosmicForge/cosmicForge/images/achievements/space/images/conquerEnemyWithoutScanning.png","image","achievement art","true","false"
"cosmicForge/cosmicForge/images/achievements/space/images/conquerHiveMindEnemy.png","image","achievement art","true","false"
"cosmicForge/cosmicForge/images/achievements/space/images/conquerMegastructureSystem.png","image","achievement art","true","false"
"cosmicForge/cosmicForge/images/achievements/space/images/createSteel.png","image","achievement art","true","false"
"cosmicForge/cosmicForge/images/achievements/space/images/createTitanium.png","image","achievement art","true","false"
"cosmicForge/cosmicForge/images/achievements/space/images/discoverAsteroid.png","image","achievement art","true","false"
"cosmicForge/cosmicForge/images/achievements/space/images/discoverBlackHole.png","image","achievement art","true","false"
"cosmicForge/cosmicForge/images/achievements/space/images/discoverLegendaryAsteroid.png","image","achievement art","true","false"
"cosmicForge/cosmicForge/images/achievements/space/images/discoverSystemWithNoLife.png","image","achievement art","true","false"
"cosmicForge/cosmicForge/images/achievements/space/images/enjoyEndlessSummer.png","image","achievement art","true","false"
"cosmicForge/cosmicForge/images/achievements/space/images/findAncientManuscript.png","image","achievement art","true","false"
"cosmicForge/cosmicForge/images/achievements/space/images/findCosmicRip.png","image","achievement art","true","false"
"cosmicForge/cosmicForge/images/achievements/space/images/fuseElement.png","image","achievement art","true","false"
"cosmicForge/cosmicForge/images/achievements/space/images/gain1000000Cash.png","image","achievement art","true","false"
"cosmicForge/cosmicForge/images/achievements/space/images/gain100000Cash.png","image","achievement art","true","false"
"cosmicForge/cosmicForge/images/achievements/space/images/gain10000Cash.png","image","achievement art","true","false"
"cosmicForge/cosmicForge/images/achievements/space/images/gain100Cash.png","image","achievement art","true","false"
"cosmicForge/cosmicForge/images/achievements/space/images/gain1MTelemetryData.png","image","achievement art","true","false"
"cosmicForge/cosmicForge/images/achievements/space/images/have4RocketsMiningAntimatter.png","image","achievement art","true","false"
"cosmicForge/cosmicForge/images/achievements/space/images/have50HoursWithOnePioneer.png","image","achievement art","true","false"
"cosmicForge/cosmicForge/images/achievements/space/images/haveFleetSizeOf50EachShipType.png","image","achievement art","true","false"
"cosmicForge/cosmicForge/images/achievements/space/images/initiateDiplomacyWithAlienRace.png","image","achievement art","true","false"
"cosmicForge/cosmicForge/images/achievements/space/images/launchRocket.png","image","achievement art","true","false"
"cosmicForge/cosmicForge/images/achievements/space/images/launchStarship.png","image","achievement art","true","false"
"cosmicForge/cosmicForge/images/achievements/space/images/liquidateAllAssets.png","image","achievement art","true","false"
"cosmicForge/cosmicForge/images/achievements/space/images/mineAllAntimatterAsteroid.png","image","achievement art","true","false"
"cosmicForge/cosmicForge/images/achievements/space/images/performGalacticMarketTransaction.png","image","achievement art","true","false"
"cosmicForge/cosmicForge/images/achievements/space/images/rebirth.png","image","achievement art","true","false"
"cosmicForge/cosmicForge/images/achievements/space/images/researchAllTechnologies.png","image","achievement art","true","false"
"cosmicForge/cosmicForge/images/achievements/space/images/researchTechnology.png","image","achievement art","true","false"
"cosmicForge/cosmicForge/images/achievements/space/images/restoreNearSpaceScannerArray.png","image","achievement art","true","false"
"cosmicForge/cosmicForge/images/achievements/space/images/seeAllNewsTickers.png","image","achievement art","true","false"
"cosmicForge/cosmicForge/images/achievements/space/images/settleSystem.png","image","achievement art","true","false"
"cosmicForge/cosmicForge/images/achievements/space/images/settleUnoccupiedSystem.png","image","achievement art","true","false"
"cosmicForge/cosmicForge/images/achievements/space/images/spendAP.png","image","achievement art","true","false"
"cosmicForge/cosmicForge/images/achievements/space/images/studyAllStarsInOneRun.png","image","achievement art","true","false"
"cosmicForge/cosmicForge/images/achievements/space/images/studyStar.png","image","achievement art","true","false"
"cosmicForge/cosmicForge/images/achievements/space/images/studyStarMoreThan20LYAway.png","image","achievement art","true","false"
"cosmicForge/cosmicForge/images/achievements/space/images/studyStarMoreThan5LYAway.png","image","achievement art","true","false"
"cosmicForge/cosmicForge/images/achievements/space/images/suffer5NegativeEvents.png","image","achievement art","true","false"
"cosmicForge/cosmicForge/images/achievements/space/images/trade10APForCash.png","image","achievement art","true","false"
"cosmicForge/cosmicForge/images/achievements/space/images/tripPower.png","image","achievement art","true","false"
"cosmicForge/cosmicForge/images/achievements/space/images/tryAllThemes.png","image","achievement art","true","false"
"cosmicForge/cosmicForge/images/achievements/space/images/unlockCompounds.png","image","achievement art","true","false"
"cosmicForge/cosmicForge/images/achievements/space/images/vassalizeEnemy.png","image","achievement art","true","false"
"cosmicForge/cosmicForge/images/achievements/space/images/winAllCasinoGames.png","image","achievement art","true","false"
"cosmicForge/cosmicForge/images/achievements/space/images/winWheelSpecialPrize.png","image","achievement art","true","false"
"cosmicForge/cosmicForge/images/achievements/summer/images/achieve100FusionEfficiency.png","image","achievement art","true","false"
"cosmicForge/cosmicForge/images/achievements/summer/images/activateAllWackyNewsTickers.png","image","achievement art","true","false"
"cosmicForge/cosmicForge/images/achievements/summer/images/activateBlackHoleOver10x.png","image","achievement art","true","false"
"cosmicForge/cosmicForge/images/achievements/summer/images/adoptPhilosophy.png","image","achievement art","true","false"
"cosmicForge/cosmicForge/images/achievements/summer/images/bringDownMiaplacideanForceField.png","image","achievement art","true","false"
"cosmicForge/cosmicForge/images/achievements/summer/images/buildPowerPlant.png","image","achievement art","true","false"
"cosmicForge/cosmicForge/images/achievements/summer/images/buildSolarPowerPlant.png","image","achievement art","true","false"
"cosmicForge/cosmicForge/images/achievements/summer/images/bullyEnemyIntoSubmission.png","image","achievement art","true","false"
"cosmicForge/cosmicForge/images/achievements/summer/images/buyCasinoPoints.png","image","achievement art","true","false"
"cosmicForge/cosmicForge/images/achievements/summer/images/closeCosmicRip.png","image","achievement art","true","false"
"cosmicForge/cosmicForge/images/achievements/summer/images/collect1000Hydrogen.png","image","achievement art","true","false"
"cosmicForge/cosmicForge/images/achievements/summer/images/collect100Precipitation.png","image","achievement art","true","false"
"cosmicForge/cosmicForge/images/achievements/summer/images/collect100TitaniumAsPrecipitation.png","image","achievement art","true","false"
"cosmicForge/cosmicForge/images/achievements/summer/images/collect50000Iron.png","image","achievement art","true","false"
"cosmicForge/cosmicForge/images/achievements/summer/images/collect5000Carbon.png","image","achievement art","true","false"
"cosmicForge/cosmicForge/images/achievements/summer/images/collect50Hydrogen.png","image","achievement art","true","false"
"cosmicForge/cosmicForge/images/achievements/summer/images/completeGame.png","image","achievement art","true","false"
"cosmicForge/cosmicForge/images/achievements/summer/images/completeOnboarding.png","image","achievement art","true","false"
"cosmicForge/cosmicForge/images/achievements/summer/images/completeRunOnMiaplacidus.png","image","achievement art","true","false"
"cosmicForge/cosmicForge/images/achievements/summer/images/conquer10StarSystems.png","image","achievement art","true","false"
"cosmicForge/cosmicForge/images/achievements/summer/images/conquer50StarSystems.png","image","achievement art","true","false"
"cosmicForge/cosmicForge/images/achievements/summer/images/conquerBelligerentEnemy.png","image","achievement art","true","false"
"cosmicForge/cosmicForge/images/achievements/summer/images/conquerEnemy.png","image","achievement art","true","false"
"cosmicForge/cosmicForge/images/achievements/summer/images/conquerEnemyWithoutScanning.png","image","achievement art","true","false"
"cosmicForge/cosmicForge/images/achievements/summer/images/conquerHiveMindEnemy.png","image","achievement art","true","false"
"cosmicForge/cosmicForge/images/achievements/summer/images/conquerMegastructureSystem.png","image","achievement art","true","false"
"cosmicForge/cosmicForge/images/achievements/summer/images/createSteel.png","image","achievement art","true","false"
"cosmicForge/cosmicForge/images/achievements/summer/images/createTitanium.png","image","achievement art","true","false"
"cosmicForge/cosmicForge/images/achievements/summer/images/discoverAsteroid.png","image","achievement art","true","false"
"cosmicForge/cosmicForge/images/achievements/summer/images/discoverBlackHole.png","image","achievement art","true","false"
"cosmicForge/cosmicForge/images/achievements/summer/images/discoverLegendaryAsteroid.png","image","achievement art","true","false"
"cosmicForge/cosmicForge/images/achievements/summer/images/discoverSystemWithNoLife.png","image","achievement art","true","false"
"cosmicForge/cosmicForge/images/achievements/summer/images/enjoyEndlessSummer.png","image","achievement art","true","false"
"cosmicForge/cosmicForge/images/achievements/summer/images/findAncientManuscript.png","image","achievement art","true","false"
"cosmicForge/cosmicForge/images/achievements/summer/images/findCosmicRip.png","image","achievement art","true","false"
"cosmicForge/cosmicForge/images/achievements/summer/images/fuseElement.png","image","achievement art","true","false"
"cosmicForge/cosmicForge/images/achievements/summer/images/gain1000000Cash.png","image","achievement art","true","false"
"cosmicForge/cosmicForge/images/achievements/summer/images/gain100000Cash.png","image","achievement art","true","false"
"cosmicForge/cosmicForge/images/achievements/summer/images/gain10000Cash.png","image","achievement art","true","false"
"cosmicForge/cosmicForge/images/achievements/summer/images/gain100Cash.png","image","achievement art","true","false"
"cosmicForge/cosmicForge/images/achievements/summer/images/gain1MTelemetryData.png","image","achievement art","true","false"
"cosmicForge/cosmicForge/images/achievements/summer/images/have4RocketsMiningAntimatter.png","image","achievement art","true","false"
"cosmicForge/cosmicForge/images/achievements/summer/images/have50HoursWithOnePioneer.png","image","achievement art","true","false"
"cosmicForge/cosmicForge/images/achievements/summer/images/haveFleetSizeOf50EachShipType.png","image","achievement art","true","false"
"cosmicForge/cosmicForge/images/achievements/summer/images/initiateDiplomacyWithAlienRace.png","image","achievement art","true","false"
"cosmicForge/cosmicForge/images/achievements/summer/images/launchRocket.png","image","achievement art","true","false"
"cosmicForge/cosmicForge/images/achievements/summer/images/launchStarship.png","image","achievement art","true","false"
"cosmicForge/cosmicForge/images/achievements/summer/images/liquidateAllAssets.png","image","achievement art","true","false"
"cosmicForge/cosmicForge/images/achievements/summer/images/mineAllAntimatterAsteroid.png","image","achievement art","true","false"
"cosmicForge/cosmicForge/images/achievements/summer/images/performGalacticMarketTransaction.png","image","achievement art","true","false"
"cosmicForge/cosmicForge/images/achievements/summer/images/rebirth.png","image","achievement art","true","false"
"cosmicForge/cosmicForge/images/achievements/summer/images/researchAllTechnologies.png","image","achievement art","true","false"
"cosmicForge/cosmicForge/images/achievements/summer/images/researchTechnology.png","image","achievement art","true","false"
"cosmicForge/cosmicForge/images/achievements/summer/images/restoreNearSpaceScannerArray.png","image","achievement art","true","false"
"cosmicForge/cosmicForge/images/achievements/summer/images/seeAllNewsTickers.png","image","achievement art","true","false"
"cosmicForge/cosmicForge/images/achievements/summer/images/settleSystem.png","image","achievement art","true","false"
"cosmicForge/cosmicForge/images/achievements/summer/images/settleUnoccupiedSystem.png","image","achievement art","true","false"
"cosmicForge/cosmicForge/images/achievements/summer/images/spendAP.png","image","achievement art","true","false"
"cosmicForge/cosmicForge/images/achievements/summer/images/studyAllStarsInOneRun.png","image","achievement art","true","false"
"cosmicForge/cosmicForge/images/achievements/summer/images/studyStar.png","image","achievement art","true","false"
"cosmicForge/cosmicForge/images/achievements/summer/images/studyStarMoreThan20LYAway.png","image","achievement art","true","false"
"cosmicForge/cosmicForge/images/achievements/summer/images/studyStarMoreThan5LYAway.png","image","achievement art","true","false"
"cosmicForge/cosmicForge/images/achievements/summer/images/suffer5NegativeEvents.png","image","achievement art","true","false"
"cosmicForge/cosmicForge/images/achievements/summer/images/trade10APForCash.png","image","achievement art","true","false"
"cosmicForge/cosmicForge/images/achievements/summer/images/tripPower.png","image","achievement art","true","false"
"cosmicForge/cosmicForge/images/achievements/summer/images/tryAllThemes.png","image","achievement art","true","false"
"cosmicForge/cosmicForge/images/achievements/summer/images/unlockCompounds.png","image","achievement art","true","false"
"cosmicForge/cosmicForge/images/achievements/summer/images/vassalizeEnemy.png","image","achievement art","true","false"
"cosmicForge/cosmicForge/images/achievements/summer/images/winAllCasinoGames.png","image","achievement art","true","false"
"cosmicForge/cosmicForge/images/achievements/summer/images/winWheelSpecialPrize.png","image","achievement art","true","false"
"cosmicForge/cosmicForge/images/achievements/supernova/images/achieve100FusionEfficiency.png","image","achievement art","true","false"
"cosmicForge/cosmicForge/images/achievements/supernova/images/activateAllWackyNewsTickers.png","image","achievement art","true","false"
"cosmicForge/cosmicForge/images/achievements/supernova/images/activateBlackHoleOver10x.png","image","achievement art","true","false"
"cosmicForge/cosmicForge/images/achievements/supernova/images/adoptPhilosophy.png","image","achievement art","true","false"
"cosmicForge/cosmicForge/images/achievements/supernova/images/bringDownMiaplacideanForceField.png","image","achievement art","true","false"
"cosmicForge/cosmicForge/images/achievements/supernova/images/buildPowerPlant.png","image","achievement art","true","false"
"cosmicForge/cosmicForge/images/achievements/supernova/images/buildSolarPowerPlant.png","image","achievement art","true","false"
"cosmicForge/cosmicForge/images/achievements/supernova/images/bullyEnemyIntoSubmission.png","image","achievement art","true","false"
"cosmicForge/cosmicForge/images/achievements/supernova/images/buyCasinoPoints.png","image","achievement art","true","false"
"cosmicForge/cosmicForge/images/achievements/supernova/images/closeCosmicRip.png","image","achievement art","true","false"
"cosmicForge/cosmicForge/images/achievements/supernova/images/collect1000Hydrogen.png","image","achievement art","true","false"
"cosmicForge/cosmicForge/images/achievements/supernova/images/collect100Precipitation.png","image","achievement art","true","false"
"cosmicForge/cosmicForge/images/achievements/supernova/images/collect100TitaniumAsPrecipitation.png","image","achievement art","true","false"
"cosmicForge/cosmicForge/images/achievements/supernova/images/collect50000Iron.png","image","achievement art","true","false"
"cosmicForge/cosmicForge/images/achievements/supernova/images/collect5000Carbon.png","image","achievement art","true","false"
"cosmicForge/cosmicForge/images/achievements/supernova/images/collect50Hydrogen.png","image","achievement art","true","false"
"cosmicForge/cosmicForge/images/achievements/supernova/images/completeGame.png","image","achievement art","true","false"
"cosmicForge/cosmicForge/images/achievements/supernova/images/completeOnboarding.png","image","achievement art","true","false"
"cosmicForge/cosmicForge/images/achievements/supernova/images/completeRunOnMiaplacidus.png","image","achievement art","true","false"
"cosmicForge/cosmicForge/images/achievements/supernova/images/conquer10StarSystems.png","image","achievement art","true","false"
"cosmicForge/cosmicForge/images/achievements/supernova/images/conquer50StarSystems.png","image","achievement art","true","false"
"cosmicForge/cosmicForge/images/achievements/supernova/images/conquerBelligerentEnemy.png","image","achievement art","true","false"
"cosmicForge/cosmicForge/images/achievements/supernova/images/conquerEnemy.png","image","achievement art","true","false"
"cosmicForge/cosmicForge/images/achievements/supernova/images/conquerEnemyWithoutScanning.png","image","achievement art","true","false"
"cosmicForge/cosmicForge/images/achievements/supernova/images/conquerHiveMindEnemy.png","image","achievement art","true","false"
"cosmicForge/cosmicForge/images/achievements/supernova/images/conquerMegastructureSystem.png","image","achievement art","true","false"
"cosmicForge/cosmicForge/images/achievements/supernova/images/createSteel.png","image","achievement art","true","false"
"cosmicForge/cosmicForge/images/achievements/supernova/images/createTitanium.png","image","achievement art","true","false"
"cosmicForge/cosmicForge/images/achievements/supernova/images/discoverAsteroid.png","image","achievement art","true","false"
"cosmicForge/cosmicForge/images/achievements/supernova/images/discoverBlackHole.png","image","achievement art","true","false"
"cosmicForge/cosmicForge/images/achievements/supernova/images/discoverLegendaryAsteroid.png","image","achievement art","true","false"
"cosmicForge/cosmicForge/images/achievements/supernova/images/discoverSystemWithNoLife.png","image","achievement art","true","false"
"cosmicForge/cosmicForge/images/achievements/supernova/images/enjoyEndlessSummer.png","image","achievement art","true","false"
"cosmicForge/cosmicForge/images/achievements/supernova/images/findAncientManuscript.png","image","achievement art","true","false"
"cosmicForge/cosmicForge/images/achievements/supernova/images/findCosmicRip.png","image","achievement art","true","false"
"cosmicForge/cosmicForge/images/achievements/supernova/images/fuseElement.png","image","achievement art","true","false"
"cosmicForge/cosmicForge/images/achievements/supernova/images/gain1000000Cash.png","image","achievement art","true","false"
"cosmicForge/cosmicForge/images/achievements/supernova/images/gain100000Cash.png","image","achievement art","true","false"
"cosmicForge/cosmicForge/images/achievements/supernova/images/gain10000Cash.png","image","achievement art","true","false"
"cosmicForge/cosmicForge/images/achievements/supernova/images/gain100Cash.png","image","achievement art","true","false"
"cosmicForge/cosmicForge/images/achievements/supernova/images/gain1MTelemetryData.png","image","achievement art","true","false"
"cosmicForge/cosmicForge/images/achievements/supernova/images/have4RocketsMiningAntimatter.png","image","achievement art","true","false"
"cosmicForge/cosmicForge/images/achievements/supernova/images/have50HoursWithOnePioneer.png","image","achievement art","true","false"
"cosmicForge/cosmicForge/images/achievements/supernova/images/haveFleetSizeOf50EachShipType.png","image","achievement art","true","false"
"cosmicForge/cosmicForge/images/achievements/supernova/images/initiateDiplomacyWithAlienRace.png","image","achievement art","true","false"
"cosmicForge/cosmicForge/images/achievements/supernova/images/launchRocket.png","image","achievement art","true","false"
"cosmicForge/cosmicForge/images/achievements/supernova/images/launchStarship.png","image","achievement art","true","false"
"cosmicForge/cosmicForge/images/achievements/supernova/images/liquidateAllAssets.png","image","achievement art","true","false"
"cosmicForge/cosmicForge/images/achievements/supernova/images/mineAllAntimatterAsteroid.png","image","achievement art","true","false"
"cosmicForge/cosmicForge/images/achievements/supernova/images/performGalacticMarketTransaction.png","image","achievement art","true","false"
"cosmicForge/cosmicForge/images/achievements/supernova/images/rebirth.png","image","achievement art","true","false"
"cosmicForge/cosmicForge/images/achievements/supernova/images/researchAllTechnologies.png","image","achievement art","true","false"
"cosmicForge/cosmicForge/images/achievements/supernova/images/researchTechnology.png","image","achievement art","true","false"
"cosmicForge/cosmicForge/images/achievements/supernova/images/restoreNearSpaceScannerArray.png","image","achievement art","true","false"
"cosmicForge/cosmicForge/images/achievements/supernova/images/seeAllNewsTickers.png","image","achievement art","true","false"
"cosmicForge/cosmicForge/images/achievements/supernova/images/settleSystem.png","image","achievement art","true","false"
"cosmicForge/cosmicForge/images/achievements/supernova/images/settleUnoccupiedSystem.png","image","achievement art","true","false"
"cosmicForge/cosmicForge/images/achievements/supernova/images/spendAP.png","image","achievement art","true","false"
"cosmicForge/cosmicForge/images/achievements/supernova/images/studyAllStarsInOneRun.png","image","achievement art","true","false"
"cosmicForge/cosmicForge/images/achievements/supernova/images/studyStar.png","image","achievement art","true","false"
"cosmicForge/cosmicForge/images/achievements/supernova/images/studyStarMoreThan20LYAway.png","image","achievement art","true","false"
"cosmicForge/cosmicForge/images/achievements/supernova/images/studyStarMoreThan5LYAway.png","image","achievement art","true","false"
"cosmicForge/cosmicForge/images/achievements/supernova/images/suffer5NegativeEvents.png","image","achievement art","true","false"
"cosmicForge/cosmicForge/images/achievements/supernova/images/trade10APForCash.png","image","achievement art","true","false"
"cosmicForge/cosmicForge/images/achievements/supernova/images/tripPower.png","image","achievement art","true","false"
"cosmicForge/cosmicForge/images/achievements/supernova/images/tryAllThemes.png","image","achievement art","true","false"
"cosmicForge/cosmicForge/images/achievements/supernova/images/unlockCompounds.png","image","achievement art","true","false"
"cosmicForge/cosmicForge/images/achievements/supernova/images/vassalizeEnemy.png","image","achievement art","true","false"
"cosmicForge/cosmicForge/images/achievements/supernova/images/winAllCasinoGames.png","image","achievement art","true","false"
"cosmicForge/cosmicForge/images/achievements/supernova/images/winWheelSpecialPrize.png","image","achievement art","true","false"
"cosmicForge/cosmicForge/images/achievements/terminal/images/achieve100FusionEfficiency.png","image","achievement art","true","false"
"cosmicForge/cosmicForge/images/achievements/terminal/images/activateAllWackyNewsTickers.png","image","achievement art","true","false"
"cosmicForge/cosmicForge/images/achievements/terminal/images/activateBlackHoleOver10x.png","image","achievement art","true","false"
"cosmicForge/cosmicForge/images/achievements/terminal/images/adoptPhilosophy.png","image","achievement art","true","false"
"cosmicForge/cosmicForge/images/achievements/terminal/images/bringDownMiaplacideanForceField.png","image","achievement art","true","false"
"cosmicForge/cosmicForge/images/achievements/terminal/images/buildPowerPlant.png","image","achievement art","true","false"
"cosmicForge/cosmicForge/images/achievements/terminal/images/buildSolarPowerPlant.png","image","achievement art","true","false"
"cosmicForge/cosmicForge/images/achievements/terminal/images/bullyEnemyIntoSubmission.png","image","achievement art","true","false"
"cosmicForge/cosmicForge/images/achievements/terminal/images/buyCasinoPoints.png","image","achievement art","true","false"
"cosmicForge/cosmicForge/images/achievements/terminal/images/closeCosmicRip.png","image","achievement art","true","false"
"cosmicForge/cosmicForge/images/achievements/terminal/images/collect1000Hydrogen.png","image","achievement art","true","false"
"cosmicForge/cosmicForge/images/achievements/terminal/images/collect100Precipitation.png","image","achievement art","true","false"
"cosmicForge/cosmicForge/images/achievements/terminal/images/collect100TitaniumAsPrecipitation.png","image","achievement art","true","false"
"cosmicForge/cosmicForge/images/achievements/terminal/images/collect50000Iron.png","image","achievement art","true","false"
"cosmicForge/cosmicForge/images/achievements/terminal/images/collect5000Carbon.png","image","achievement art","true","false"
"cosmicForge/cosmicForge/images/achievements/terminal/images/collect50Hydrogen.png","image","achievement art","true","false"
"cosmicForge/cosmicForge/images/achievements/terminal/images/completeGame.png","image","achievement art","true","false"
"cosmicForge/cosmicForge/images/achievements/terminal/images/completeOnboarding.png","image","achievement art","true","false"
"cosmicForge/cosmicForge/images/achievements/terminal/images/completeRunOnMiaplacidus.png","image","achievement art","true","false"
"cosmicForge/cosmicForge/images/achievements/terminal/images/conquer10StarSystems.png","image","achievement art","true","false"
"cosmicForge/cosmicForge/images/achievements/terminal/images/conquer50StarSystems.png","image","achievement art","true","false"
"cosmicForge/cosmicForge/images/achievements/terminal/images/conquerBelligerentEnemy.png","image","achievement art","true","false"
"cosmicForge/cosmicForge/images/achievements/terminal/images/conquerEnemy.png","image","achievement art","true","false"
"cosmicForge/cosmicForge/images/achievements/terminal/images/conquerEnemyWithoutScanning.png","image","achievement art","true","false"
"cosmicForge/cosmicForge/images/achievements/terminal/images/conquerHiveMindEnemy.png","image","achievement art","true","false"
"cosmicForge/cosmicForge/images/achievements/terminal/images/conquerMegastructureSystem.png","image","achievement art","true","false"
"cosmicForge/cosmicForge/images/achievements/terminal/images/createSteel.png","image","achievement art","true","false"
"cosmicForge/cosmicForge/images/achievements/terminal/images/createTitanium.png","image","achievement art","true","false"
"cosmicForge/cosmicForge/images/achievements/terminal/images/discoverAsteroid.png","image","achievement art","true","false"
"cosmicForge/cosmicForge/images/achievements/terminal/images/discoverBlackHole.png","image","achievement art","true","false"
"cosmicForge/cosmicForge/images/achievements/terminal/images/discoverLegendaryAsteroid.png","image","achievement art","true","false"
"cosmicForge/cosmicForge/images/achievements/terminal/images/discoverSystemWithNoLife.png","image","achievement art","true","false"
"cosmicForge/cosmicForge/images/achievements/terminal/images/enjoyEndlessSummer.png","image","achievement art","true","false"
"cosmicForge/cosmicForge/images/achievements/terminal/images/findAncientManuscript.png","image","achievement art","true","false"
"cosmicForge/cosmicForge/images/achievements/terminal/images/findCosmicRip.png","image","achievement art","true","false"
"cosmicForge/cosmicForge/images/achievements/terminal/images/fuseElement.png","image","achievement art","true","false"
"cosmicForge/cosmicForge/images/achievements/terminal/images/gain1000000Cash.png","image","achievement art","true","false"
"cosmicForge/cosmicForge/images/achievements/terminal/images/gain100000Cash.png","image","achievement art","true","false"
"cosmicForge/cosmicForge/images/achievements/terminal/images/gain10000Cash.png","image","achievement art","true","false"
"cosmicForge/cosmicForge/images/achievements/terminal/images/gain100Cash.png","image","achievement art","true","false"
"cosmicForge/cosmicForge/images/achievements/terminal/images/gain1MTelemetryData.png","image","achievement art","true","false"
"cosmicForge/cosmicForge/images/achievements/terminal/images/have4RocketsMiningAntimatter.png","image","achievement art","true","false"
"cosmicForge/cosmicForge/images/achievements/terminal/images/have50HoursWithOnePioneer.png","image","achievement art","true","false"
"cosmicForge/cosmicForge/images/achievements/terminal/images/haveFleetSizeOf50EachShipType.png","image","achievement art","true","false"
"cosmicForge/cosmicForge/images/achievements/terminal/images/initiateDiplomacyWithAlienRace.png","image","achievement art","true","false"
"cosmicForge/cosmicForge/images/achievements/terminal/images/launchRocket.png","image","achievement art","true","false"
"cosmicForge/cosmicForge/images/achievements/terminal/images/launchStarship.png","image","achievement art","true","false"
"cosmicForge/cosmicForge/images/achievements/terminal/images/liquidateAllAssets.png","image","achievement art","true","false"
"cosmicForge/cosmicForge/images/achievements/terminal/images/mineAllAntimatterAsteroid.png","image","achievement art","true","false"
"cosmicForge/cosmicForge/images/achievements/terminal/images/performGalacticMarketTransaction.png","image","achievement art","true","false"
"cosmicForge/cosmicForge/images/achievements/terminal/images/rebirth.png","image","achievement art","true","false"
"cosmicForge/cosmicForge/images/achievements/terminal/images/researchAllTechnologies.png","image","achievement art","true","false"
"cosmicForge/cosmicForge/images/achievements/terminal/images/researchTechnology.png","image","achievement art","true","false"
"cosmicForge/cosmicForge/images/achievements/terminal/images/restoreNearSpaceScannerArray.png","image","achievement art","true","false"
"cosmicForge/cosmicForge/images/achievements/terminal/images/seeAllNewsTickers.png","image","achievement art","true","false"
"cosmicForge/cosmicForge/images/achievements/terminal/images/settleSystem.png","image","achievement art","true","false"
"cosmicForge/cosmicForge/images/achievements/terminal/images/settleUnoccupiedSystem.png","image","achievement art","true","false"
"cosmicForge/cosmicForge/images/achievements/terminal/images/spendAP.png","image","achievement art","true","false"
"cosmicForge/cosmicForge/images/achievements/terminal/images/studyAllStarsInOneRun.png","image","achievement art","true","false"
"cosmicForge/cosmicForge/images/achievements/terminal/images/studyStar.png","image","achievement art","true","false"
"cosmicForge/cosmicForge/images/achievements/terminal/images/studyStarMoreThan20LYAway.png","image","achievement art","true","false"
"cosmicForge/cosmicForge/images/achievements/terminal/images/studyStarMoreThan5LYAway.png","image","achievement art","true","false"
"cosmicForge/cosmicForge/images/achievements/terminal/images/suffer5NegativeEvents.png","image","achievement art","true","false"
"cosmicForge/cosmicForge/images/achievements/terminal/images/trade10APForCash.png","image","achievement art","true","false"
"cosmicForge/cosmicForge/images/achievements/terminal/images/tripPower.png","image","achievement art","true","false"
"cosmicForge/cosmicForge/images/achievements/terminal/images/tryAllThemes.png","image","achievement art","true","false"
"cosmicForge/cosmicForge/images/achievements/terminal/images/unlockCompounds.png","image","achievement art","true","false"
"cosmicForge/cosmicForge/images/achievements/terminal/images/vassalizeEnemy.png","image","achievement art","true","false"
"cosmicForge/cosmicForge/images/achievements/terminal/images/winAllCasinoGames.png","image","achievement art","true","false"
"cosmicForge/cosmicForge/images/achievements/terminal/images/winWheelSpecialPrize.png","image","achievement art","true","false"
"cosmicForge/cosmicForge/images/favicon.png","image","application identity","true","false"
"cosmicForge/cosmicForge/images/flags/de.png","image","locale indicators","true","false"
"cosmicForge/cosmicForge/images/flags/en.png","image","locale indicators","true","false"
"cosmicForge/cosmicForge/images/flags/es.png","image","locale indicators","true","false"
"cosmicForge/cosmicForge/images/flags/fr.png","image","locale indicators","true","false"
"cosmicForge/cosmicForge/images/flags/it.png","image","locale indicators","true","false"
"cosmicForge/cosmicForge/images/flags/pt.png","image","locale indicators","true","false"
"cosmicForge/cosmicForge/images/megaStructure/dark/CelestialProcessingCoreActive.png","image","megastructure and force-field art","true","false"
"cosmicForge/cosmicForge/images/megaStructure/dark/CelestialProcessingCoreNotActive.png","image","megastructure and force-field art","true","false"
"cosmicForge/cosmicForge/images/megaStructure/dark/DysonSphereActive.png","image","megastructure and force-field art","true","false"
"cosmicForge/cosmicForge/images/megaStructure/dark/DysonSphereNotActive.png","image","megastructure and force-field art","true","false"
"cosmicForge/cosmicForge/images/megaStructure/dark/ForceField0.png","image","megastructure and force-field art","true","false"
"cosmicForge/cosmicForge/images/megaStructure/dark/ForceField1.png","image","megastructure and force-field art","true","false"
"cosmicForge/cosmicForge/images/megaStructure/dark/ForceField2.png","image","megastructure and force-field art","true","false"
"cosmicForge/cosmicForge/images/megaStructure/dark/ForceField3.png","image","megastructure and force-field art","true","false"
"cosmicForge/cosmicForge/images/megaStructure/dark/ForceField4.png","image","megastructure and force-field art","true","false"
"cosmicForge/cosmicForge/images/megaStructure/dark/GalacticMemoryArchiveActive.png","image","megastructure and force-field art","true","false"
"cosmicForge/cosmicForge/images/megaStructure/dark/GalacticMemoryArchiveNotActive.png","image","megastructure and force-field art","true","false"
"cosmicForge/cosmicForge/images/megaStructure/dark/MiaplacidusActive.png","image","megastructure and force-field art","true","false"
"cosmicForge/cosmicForge/images/megaStructure/dark/MiaplacidusNotActive.png","image","megastructure and force-field art","true","false"
"cosmicForge/cosmicForge/images/megaStructure/dark/PlasmaForgeActive.png","image","megastructure and force-field art","true","false"
"cosmicForge/cosmicForge/images/megaStructure/dark/PlasmaForgeNotActive.png","image","megastructure and force-field art","true","false"
"cosmicForge/cosmicForge/images/megaStructure/frosty/CelestialProcessingCoreActive.png","image","megastructure and force-field art","true","false"
"cosmicForge/cosmicForge/images/megaStructure/frosty/CelestialProcessingCoreNotActive.png","image","megastructure and force-field art","true","false"
"cosmicForge/cosmicForge/images/megaStructure/frosty/DysonSphereActive.png","image","megastructure and force-field art","true","false"
"cosmicForge/cosmicForge/images/megaStructure/frosty/DysonSphereNotActive.png","image","megastructure and force-field art","true","false"
"cosmicForge/cosmicForge/images/megaStructure/frosty/ForceField0.png","image","megastructure and force-field art","true","false"
"cosmicForge/cosmicForge/images/megaStructure/frosty/ForceField1.png","image","megastructure and force-field art","true","false"
"cosmicForge/cosmicForge/images/megaStructure/frosty/ForceField2.png","image","megastructure and force-field art","true","false"
"cosmicForge/cosmicForge/images/megaStructure/frosty/ForceField3.png","image","megastructure and force-field art","true","false"
"cosmicForge/cosmicForge/images/megaStructure/frosty/ForceField4.png","image","megastructure and force-field art","true","false"
"cosmicForge/cosmicForge/images/megaStructure/frosty/GalacticMemoryArchiveActive.png","image","megastructure and force-field art","true","false"
"cosmicForge/cosmicForge/images/megaStructure/frosty/GalacticMemoryArchiveNotActive.png","image","megastructure and force-field art","true","false"
"cosmicForge/cosmicForge/images/megaStructure/frosty/MiaplacidusActive.png","image","megastructure and force-field art","true","false"
"cosmicForge/cosmicForge/images/megaStructure/frosty/MiaplacidusNotActive.png","image","megastructure and force-field art","true","false"
"cosmicForge/cosmicForge/images/megaStructure/frosty/PlasmaForgeActive.png","image","megastructure and force-field art","true","false"
"cosmicForge/cosmicForge/images/megaStructure/frosty/PlasmaForgeNotActive.png","image","megastructure and force-field art","true","false"
"cosmicForge/cosmicForge/images/megaStructure/galaxy/CelestialProcessingCoreActive.png","image","megastructure and force-field art","true","false"
"cosmicForge/cosmicForge/images/megaStructure/galaxy/CelestialProcessingCoreNotActive.png","image","megastructure and force-field art","true","false"
"cosmicForge/cosmicForge/images/megaStructure/galaxy/DysonSphereActive.png","image","megastructure and force-field art","true","false"
"cosmicForge/cosmicForge/images/megaStructure/galaxy/DysonSphereNotActive.png","image","megastructure and force-field art","true","false"
"cosmicForge/cosmicForge/images/megaStructure/galaxy/ForceField0.png","image","megastructure and force-field art","true","false"
"cosmicForge/cosmicForge/images/megaStructure/galaxy/ForceField1.png","image","megastructure and force-field art","true","false"
"cosmicForge/cosmicForge/images/megaStructure/galaxy/ForceField2.png","image","megastructure and force-field art","true","false"
"cosmicForge/cosmicForge/images/megaStructure/galaxy/ForceField3.png","image","megastructure and force-field art","true","false"
"cosmicForge/cosmicForge/images/megaStructure/galaxy/ForceField4.png","image","megastructure and force-field art","true","false"
"cosmicForge/cosmicForge/images/megaStructure/galaxy/GalacticMemoryArchiveActive.png","image","megastructure and force-field art","true","false"
"cosmicForge/cosmicForge/images/megaStructure/galaxy/GalacticMemoryArchiveNotActive.png","image","megastructure and force-field art","true","false"
"cosmicForge/cosmicForge/images/megaStructure/galaxy/MiaplacidusActive.png","image","megastructure and force-field art","true","false"
"cosmicForge/cosmicForge/images/megaStructure/galaxy/MiaplacidusNotActive.png","image","megastructure and force-field art","true","false"
"cosmicForge/cosmicForge/images/megaStructure/galaxy/PlasmaForgeActive.png","image","megastructure and force-field art","true","false"
"cosmicForge/cosmicForge/images/megaStructure/galaxy/PlasmaForgeNotActive.png","image","megastructure and force-field art","true","false"
"cosmicForge/cosmicForge/images/megaStructure/light/CelestialProcessingCoreActive.png","image","megastructure and force-field art","true","false"
"cosmicForge/cosmicForge/images/megaStructure/light/CelestialProcessingCoreNotActive.png","image","megastructure and force-field art","true","false"
"cosmicForge/cosmicForge/images/megaStructure/light/DysonSphereActive.png","image","megastructure and force-field art","true","false"
"cosmicForge/cosmicForge/images/megaStructure/light/DysonSphereNotActive.png","image","megastructure and force-field art","true","false"
"cosmicForge/cosmicForge/images/megaStructure/light/ForceField0.png","image","megastructure and force-field art","true","false"
"cosmicForge/cosmicForge/images/megaStructure/light/ForceField1.png","image","megastructure and force-field art","true","false"
"cosmicForge/cosmicForge/images/megaStructure/light/ForceField2.png","image","megastructure and force-field art","true","false"
"cosmicForge/cosmicForge/images/megaStructure/light/ForceField3.png","image","megastructure and force-field art","true","false"
"cosmicForge/cosmicForge/images/megaStructure/light/ForceField4.png","image","megastructure and force-field art","true","false"
"cosmicForge/cosmicForge/images/megaStructure/light/GalacticMemoryArchiveActive.png","image","megastructure and force-field art","true","false"
"cosmicForge/cosmicForge/images/megaStructure/light/GalacticMemoryArchiveNotActive.png","image","megastructure and force-field art","true","false"
"cosmicForge/cosmicForge/images/megaStructure/light/MiaplacidusActive.png","image","megastructure and force-field art","true","false"
"cosmicForge/cosmicForge/images/megaStructure/light/MiaplacidusNotActive.png","image","megastructure and force-field art","true","false"
"cosmicForge/cosmicForge/images/megaStructure/light/PlasmaForgeActive.png","image","megastructure and force-field art","true","false"
"cosmicForge/cosmicForge/images/megaStructure/light/PlasmaForgeNotActive.png","image","megastructure and force-field art","true","false"
"cosmicForge/cosmicForge/images/megaStructure/misty/CelestialProcessingCoreActive.png","image","megastructure and force-field art","true","false"
"cosmicForge/cosmicForge/images/megaStructure/misty/CelestialProcessingCoreNotActive.png","image","megastructure and force-field art","true","false"
"cosmicForge/cosmicForge/images/megaStructure/misty/DysonSphereActive.png","image","megastructure and force-field art","true","false"
"cosmicForge/cosmicForge/images/megaStructure/misty/DysonSphereNotActive.png","image","megastructure and force-field art","true","false"
"cosmicForge/cosmicForge/images/megaStructure/misty/ForceField0.png","image","megastructure and force-field art","true","false"
"cosmicForge/cosmicForge/images/megaStructure/misty/ForceField1.png","image","megastructure and force-field art","true","false"
"cosmicForge/cosmicForge/images/megaStructure/misty/ForceField2.png","image","megastructure and force-field art","true","false"
"cosmicForge/cosmicForge/images/megaStructure/misty/ForceField3.png","image","megastructure and force-field art","true","false"
"cosmicForge/cosmicForge/images/megaStructure/misty/ForceField4.png","image","megastructure and force-field art","true","false"
"cosmicForge/cosmicForge/images/megaStructure/misty/GalacticMemoryArchiveActive.png","image","megastructure and force-field art","true","false"
"cosmicForge/cosmicForge/images/megaStructure/misty/GalacticMemoryArchiveNotActive.png","image","megastructure and force-field art","true","false"
"cosmicForge/cosmicForge/images/megaStructure/misty/MiaplacidusActive.png","image","megastructure and force-field art","true","false"
"cosmicForge/cosmicForge/images/megaStructure/misty/MiaplacidusNotActive.png","image","megastructure and force-field art","true","false"
"cosmicForge/cosmicForge/images/megaStructure/misty/PlasmaForgeActive.png","image","megastructure and force-field art","true","false"
"cosmicForge/cosmicForge/images/megaStructure/misty/PlasmaForgeNotActive.png","image","megastructure and force-field art","true","false"
"cosmicForge/cosmicForge/images/megaStructure/space/CelestialProcessingCoreActive.png","image","megastructure and force-field art","true","false"
"cosmicForge/cosmicForge/images/megaStructure/space/CelestialProcessingCoreNotActive.png","image","megastructure and force-field art","true","false"
"cosmicForge/cosmicForge/images/megaStructure/space/DysonSphereActive.png","image","megastructure and force-field art","true","false"
"cosmicForge/cosmicForge/images/megaStructure/space/DysonSphereNotActive.png","image","megastructure and force-field art","true","false"
"cosmicForge/cosmicForge/images/megaStructure/space/ForceField0.png","image","megastructure and force-field art","true","false"
"cosmicForge/cosmicForge/images/megaStructure/space/ForceField1.png","image","megastructure and force-field art","true","false"
"cosmicForge/cosmicForge/images/megaStructure/space/ForceField2.png","image","megastructure and force-field art","true","false"
"cosmicForge/cosmicForge/images/megaStructure/space/ForceField3.png","image","megastructure and force-field art","true","false"
"cosmicForge/cosmicForge/images/megaStructure/space/ForceField4.png","image","megastructure and force-field art","true","false"
"cosmicForge/cosmicForge/images/megaStructure/space/GalacticMemoryArchiveActive.png","image","megastructure and force-field art","true","false"
"cosmicForge/cosmicForge/images/megaStructure/space/GalacticMemoryArchiveNotActive.png","image","megastructure and force-field art","true","false"
"cosmicForge/cosmicForge/images/megaStructure/space/MiaplacidusActive.png","image","megastructure and force-field art","true","false"
"cosmicForge/cosmicForge/images/megaStructure/space/MiaplacidusNotActive.png","image","megastructure and force-field art","true","false"
"cosmicForge/cosmicForge/images/megaStructure/space/PlasmaForgeActive.png","image","megastructure and force-field art","true","false"
"cosmicForge/cosmicForge/images/megaStructure/space/PlasmaForgeNotActive.png","image","megastructure and force-field art","true","false"
"cosmicForge/cosmicForge/images/megaStructure/summer/CelestialProcessingCoreActive.png","image","megastructure and force-field art","true","false"
"cosmicForge/cosmicForge/images/megaStructure/summer/CelestialProcessingCoreNotActive.png","image","megastructure and force-field art","true","false"
"cosmicForge/cosmicForge/images/megaStructure/summer/DysonSphereActive.png","image","megastructure and force-field art","true","false"
"cosmicForge/cosmicForge/images/megaStructure/summer/DysonSphereNotActive.png","image","megastructure and force-field art","true","false"
"cosmicForge/cosmicForge/images/megaStructure/summer/ForceField0.png","image","megastructure and force-field art","true","false"
"cosmicForge/cosmicForge/images/megaStructure/summer/ForceField1.png","image","megastructure and force-field art","true","false"
"cosmicForge/cosmicForge/images/megaStructure/summer/ForceField2.png","image","megastructure and force-field art","true","false"
"cosmicForge/cosmicForge/images/megaStructure/summer/ForceField3.png","image","megastructure and force-field art","true","false"
"cosmicForge/cosmicForge/images/megaStructure/summer/ForceField4.png","image","megastructure and force-field art","true","false"
"cosmicForge/cosmicForge/images/megaStructure/summer/GalacticMemoryArchiveActive.png","image","megastructure and force-field art","true","false"
"cosmicForge/cosmicForge/images/megaStructure/summer/GalacticMemoryArchiveNotActive.png","image","megastructure and force-field art","true","false"
"cosmicForge/cosmicForge/images/megaStructure/summer/MiaplacidusActive.png","image","megastructure and force-field art","true","false"
"cosmicForge/cosmicForge/images/megaStructure/summer/MiaplacidusNotActive.png","image","megastructure and force-field art","true","false"
"cosmicForge/cosmicForge/images/megaStructure/summer/PlasmaForgeActive.png","image","megastructure and force-field art","true","false"
"cosmicForge/cosmicForge/images/megaStructure/summer/PlasmaForgeNotActive.png","image","megastructure and force-field art","true","false"
"cosmicForge/cosmicForge/images/megaStructure/supernova/CelestialProcessingCoreActive.png","image","megastructure and force-field art","true","false"
"cosmicForge/cosmicForge/images/megaStructure/supernova/CelestialProcessingCoreNotActive.png","image","megastructure and force-field art","true","false"
"cosmicForge/cosmicForge/images/megaStructure/supernova/DysonSphereActive.png","image","megastructure and force-field art","true","false"
"cosmicForge/cosmicForge/images/megaStructure/supernova/DysonSphereNotActive.png","image","megastructure and force-field art","true","false"
"cosmicForge/cosmicForge/images/megaStructure/supernova/ForceField0.png","image","megastructure and force-field art","true","false"
"cosmicForge/cosmicForge/images/megaStructure/supernova/ForceField1.png","image","megastructure and force-field art","true","false"
"cosmicForge/cosmicForge/images/megaStructure/supernova/ForceField2.png","image","megastructure and force-field art","true","false"
"cosmicForge/cosmicForge/images/megaStructure/supernova/ForceField3.png","image","megastructure and force-field art","true","false"
"cosmicForge/cosmicForge/images/megaStructure/supernova/ForceField4.png","image","megastructure and force-field art","true","false"
"cosmicForge/cosmicForge/images/megaStructure/supernova/GalacticMemoryArchiveActive.png","image","megastructure and force-field art","true","false"
"cosmicForge/cosmicForge/images/megaStructure/supernova/GalacticMemoryArchiveNotActive.png","image","megastructure and force-field art","true","false"
"cosmicForge/cosmicForge/images/megaStructure/supernova/MiaplacidusActive.png","image","megastructure and force-field art","true","false"
"cosmicForge/cosmicForge/images/megaStructure/supernova/MiaplacidusNotActive.png","image","megastructure and force-field art","true","false"
"cosmicForge/cosmicForge/images/megaStructure/supernova/PlasmaForgeActive.png","image","megastructure and force-field art","true","false"
"cosmicForge/cosmicForge/images/megaStructure/supernova/PlasmaForgeNotActive.png","image","megastructure and force-field art","true","false"
"cosmicForge/cosmicForge/images/megaStructure/terminal/CelestialProcessingCoreActive.png","image","megastructure and force-field art","true","false"
"cosmicForge/cosmicForge/images/megaStructure/terminal/CelestialProcessingCoreNotActive.png","image","megastructure and force-field art","true","false"
"cosmicForge/cosmicForge/images/megaStructure/terminal/DysonSphereActive.png","image","megastructure and force-field art","true","false"
"cosmicForge/cosmicForge/images/megaStructure/terminal/DysonSphereNotActive.png","image","megastructure and force-field art","true","false"
"cosmicForge/cosmicForge/images/megaStructure/terminal/ForceField0.png","image","megastructure and force-field art","true","false"
"cosmicForge/cosmicForge/images/megaStructure/terminal/ForceField1.png","image","megastructure and force-field art","true","false"
"cosmicForge/cosmicForge/images/megaStructure/terminal/ForceField2.png","image","megastructure and force-field art","true","false"
"cosmicForge/cosmicForge/images/megaStructure/terminal/ForceField3.png","image","megastructure and force-field art","true","false"
"cosmicForge/cosmicForge/images/megaStructure/terminal/ForceField4.png","image","megastructure and force-field art","true","false"
"cosmicForge/cosmicForge/images/megaStructure/terminal/GalacticMemoryArchiveActive.png","image","megastructure and force-field art","true","false"
"cosmicForge/cosmicForge/images/megaStructure/terminal/GalacticMemoryArchiveNotActive.png","image","megastructure and force-field art","true","false"
"cosmicForge/cosmicForge/images/megaStructure/terminal/MiaplacidusActive.png","image","megastructure and force-field art","true","false"
"cosmicForge/cosmicForge/images/megaStructure/terminal/MiaplacidusNotActive.png","image","megastructure and force-field art","true","false"
"cosmicForge/cosmicForge/images/megaStructure/terminal/PlasmaForgeActive.png","image","megastructure and force-field art","true","false"
"cosmicForge/cosmicForge/images/megaStructure/terminal/PlasmaForgeNotActive.png","image","megastructure and force-field art","true","false"
"cosmicForge/cosmicForge/images/mouse/defaultDark.png","image","cursor states","true","false"
"cosmicForge/cosmicForge/images/mouse/defaultFrosty.png","image","cursor states","true","false"
"cosmicForge/cosmicForge/images/mouse/defaultGalaxy.png","image","cursor states","true","false"
"cosmicForge/cosmicForge/images/mouse/defaultLight.png","image","cursor states","true","false"
"cosmicForge/cosmicForge/images/mouse/defaultMisty.png","image","cursor states","true","false"
"cosmicForge/cosmicForge/images/mouse/defaultSpace.png","image","cursor states","true","false"
"cosmicForge/cosmicForge/images/mouse/defaultSummer.png","image","cursor states","true","false"
"cosmicForge/cosmicForge/images/mouse/defaultSupernova.png","image","cursor states","true","false"
"cosmicForge/cosmicForge/images/mouse/defaultTerminal.png","image","cursor states","true","false"
"cosmicForge/cosmicForge/images/mouse/dragDark.png","image","cursor states","true","false"
"cosmicForge/cosmicForge/images/mouse/dragFrosty.png","image","cursor states","true","false"
"cosmicForge/cosmicForge/images/mouse/dragGalaxy.png","image","cursor states","true","false"
"cosmicForge/cosmicForge/images/mouse/dragLight.png","image","cursor states","true","false"
"cosmicForge/cosmicForge/images/mouse/dragMisty.png","image","cursor states","true","false"
"cosmicForge/cosmicForge/images/mouse/dragSpace.png","image","cursor states","true","false"
"cosmicForge/cosmicForge/images/mouse/dragSummer.png","image","cursor states","true","false"
"cosmicForge/cosmicForge/images/mouse/dragSupernova.png","image","cursor states","true","false"
"cosmicForge/cosmicForge/images/mouse/dragTerminal.png","image","cursor states","true","false"
"cosmicForge/cosmicForge/images/mouse/handDark.png","image","cursor states","true","false"
"cosmicForge/cosmicForge/images/mouse/handFrosty.png","image","cursor states","true","false"
"cosmicForge/cosmicForge/images/mouse/handGalaxy.png","image","cursor states","true","false"
"cosmicForge/cosmicForge/images/mouse/handLight.png","image","cursor states","true","false"
"cosmicForge/cosmicForge/images/mouse/handMisty.png","image","cursor states","true","false"
"cosmicForge/cosmicForge/images/mouse/handSpace.png","image","cursor states","true","false"
"cosmicForge/cosmicForge/images/mouse/handSummer.png","image","cursor states","true","false"
"cosmicForge/cosmicForge/images/mouse/handSupernova.png","image","cursor states","true","false"
"cosmicForge/cosmicForge/images/mouse/handTerminal.png","image","cursor states","true","false"
"cosmicForge/cosmicForge/images/ripSprite/rip_dark.png","image","Cosmic Rip theme art","true","false"
"cosmicForge/cosmicForge/images/ripSprite/rip_frosty.png","image","Cosmic Rip theme art","true","false"
"cosmicForge/cosmicForge/images/ripSprite/rip_galaxy.png","image","Cosmic Rip theme art","true","false"
"cosmicForge/cosmicForge/images/ripSprite/rip_light.png","image","Cosmic Rip theme art","true","false"
"cosmicForge/cosmicForge/images/ripSprite/rip_misty.png","image","Cosmic Rip theme art","true","false"
"cosmicForge/cosmicForge/images/ripSprite/rip_space.png","image","Cosmic Rip theme art","true","false"
"cosmicForge/cosmicForge/images/ripSprite/rip_summer.png","image","Cosmic Rip theme art","true","false"
"cosmicForge/cosmicForge/images/ripSprite/rip_supernova.png","image","Cosmic Rip theme art","true","false"
"cosmicForge/cosmicForge/images/ripSprite/rip_terminal.png","image","Cosmic Rip theme art","true","false"
"cosmicForge/cosmicForge/resources/1.png","image","resource and promotional reference","true","false"
"cosmicForge/cosmicForge/resources/2.png","image","resource and promotional reference","true","false"
"cosmicForge/cosmicForge/resources/20250512_0100_Cosmic Forge Thumbnail_remix_01jv0s676jfwf81axbw0rvn78b.png","image","resource and promotional reference","true","false"
"cosmicForge/cosmicForge/resources/3.png","image","resource and promotional reference","true","false"
"cosmicForge/cosmicForge/resources/4.png","image","resource and promotional reference","true","false"
"cosmicForge/cosmicForge/resources/5.png","image","resource and promotional reference","true","false"
"cosmicForge/cosmicForge/resources/6.png","image","resource and promotional reference","true","false"
"cosmicForge/cosmicForge/resources/7.png","image","resource and promotional reference","true","false"
"cosmicForge/cosmicForge/resources/8.png","image","resource and promotional reference","true","false"
"cosmicForge/cosmicForge/resources/9.png","image","resource and promotional reference","true","false"
"cosmicForge/cosmicForge/resources/graph.png","image","resource and promotional reference","true","false"
"cosmicForge/cosmicForge/resources/thumbNailCosmicForge.png","image","resource and promotional reference","true","false"
"cosmicForge/cosmicForge/resources/thumbNailCosmicForgeLarge.png","image","resource and promotional reference","true","false"
"cosmicForge/cosmicForge/resources/thumbNailCosmicForgePortrait.png","image","resource and promotional reference","true","false"
"cosmicForge/cosmicForge/resources/thumbNailCosmicSquare.png","image","resource and promotional reference","true","false"
"cosmicForge/cosmicForge/sounds/asteroidScan.mp3","audio","sound and music","false","true"
"cosmicForge/cosmicForge/sounds/bgAmbience.mp3","audio","sound and music","false","true"
"cosmicForge/cosmicForge/sounds/blackHoleActivated.mp3","audio","sound and music","false","true"
"cosmicForge/cosmicForge/sounds/boostAntimatter.mp3","audio","sound and music","false","true"
"cosmicForge/cosmicForge/sounds/buildLaunchPad.mp3","audio","sound and music","false","true"
"cosmicForge/cosmicForge/sounds/buildTelescope.mp3","audio","sound and music","false","true"
"cosmicForge/cosmicForge/sounds/clickButton.mp3","audio","sound and music","false","true"
"cosmicForge/cosmicForge/sounds/clickSwitch.mp3","audio","sound and music","false","true"
"cosmicForge/cosmicForge/sounds/eruptionLoop.mp3","audio","sound and music","false","true"
"cosmicForge/cosmicForge/sounds/eventAlarm.mp3","audio","sound and music","false","true"
"cosmicForge/cosmicForge/sounds/forcefieldTakedown.mp3","audio","sound and music","false","true"
"cosmicForge/cosmicForge/sounds/forcefieldTakedownFinal.mp3","audio","sound and music","false","true"
"cosmicForge/cosmicForge/sounds/fuelRocket.mp3","audio","sound and music","false","true"
"cosmicForge/cosmicForge/sounds/goodPrize.mp3","audio","sound and music","false","true"
"cosmicForge/cosmicForge/sounds/increaseStorage.mp3","audio","sound and music","false","true"
"cosmicForge/cosmicForge/sounds/kaching.mp3","audio","sound and music","false","true"
"cosmicForge/cosmicForge/sounds/laserGun1.mp3","audio","sound and music","false","true"
"cosmicForge/cosmicForge/sounds/laserGun2.mp3","audio","sound and music","false","true"
"cosmicForge/cosmicForge/sounds/megastructureCaptured.mp3","audio","sound and music","false","true"
"cosmicForge/cosmicForge/sounds/powerOff.mp3","audio","sound and music","false","true"
"cosmicForge/cosmicForge/sounds/powerOn.mp3","audio","sound and music","false","true"
"cosmicForge/cosmicForge/sounds/powerTripped.mp3","audio","sound and music","false","true"
"cosmicForge/cosmicForge/sounds/rainLoop.mp3","audio","sound and music","false","true"
"cosmicForge/cosmicForge/sounds/rocketLand.mp3","audio","sound and music","false","true"
"cosmicForge/cosmicForge/sounds/rocketLaunch.mp3","audio","sound and music","false","true"
"cosmicForge/cosmicForge/sounds/shipBattleExplode1.mp3","audio","sound and music","false","true"
"cosmicForge/cosmicForge/sounds/shipBattleExplode2.mp3","audio","sound and music","false","true"
"cosmicForge/cosmicForge/sounds/starShipArrive.mp3","audio","sound and music","false","true"
"cosmicForge/cosmicForge/sounds/starShipLaunch.mp3","audio","sound and music","false","true"
"cosmicForge/cosmicForge/sounds/starStudy.mp3","audio","sound and music","false","true"
"cosmicForge/cosmicForge/styles.css#@keyframes-black-hole-charge-pulse","css animation","source-defined visual motion","true","false"
"cosmicForge/cosmicForge/styles.css#@keyframes-bounceAnimation","css animation","source-defined visual motion","true","false"
"cosmicForge/cosmicForge/styles.css#@keyframes-discoAnimation","css animation","source-defined visual motion","true","false"
"cosmicForge/cosmicForge/styles.css#@keyframes-explode","css animation","source-defined visual motion","true","false"
"cosmicForge/cosmicForge/styles.css#@keyframes-fadeAnimation","css animation","source-defined visual motion","true","false"
"cosmicForge/cosmicForge/styles.css#@keyframes-fadeInStretch","css animation","source-defined visual motion","true","false"
"cosmicForge/cosmicForge/styles.css#@keyframes-fallLava","css animation","source-defined visual motion","true","false"
"cosmicForge/cosmicForge/styles.css#@keyframes-fallRain","css animation","source-defined visual motion","true","false"
"cosmicForge/cosmicForge/styles.css#@keyframes-feedbackBad","css animation","source-defined visual motion","true","false"
"cosmicForge/cosmicForge/styles.css#@keyframes-feedbackGood","css animation","source-defined visual motion","true","false"
"cosmicForge/cosmicForge/styles.css#@keyframes-glitchAnimation","css animation","source-defined visual motion","true","false"
"cosmicForge/cosmicForge/styles.css#@keyframes-modal-button-pop","css animation","source-defined visual motion","true","false"
"cosmicForge/cosmicForge/styles.css#@keyframes-mouseParticleFade","css animation","source-defined visual motion","true","false"
"cosmicForge/cosmicForge/styles.css#@keyframes-option-button-particles","css animation","source-defined visual motion","true","false"
"cosmicForge/cosmicForge/styles.css#@keyframes-option-button-pop","css animation","source-defined visual motion","true","false"
"cosmicForge/cosmicForge/styles.css#@keyframes-option-button-ripple","css animation","source-defined visual motion","true","false"
"cosmicForge/cosmicForge/styles.css#@keyframes-star-map-search-ping-explosion","css animation","source-defined visual motion","true","false"
"cosmicForge/cosmicForge/styles.css#@keyframes-twinkle","css animation","source-defined visual motion","true","false"
"cosmicForge/cosmicForge/styles.css#@keyframes-twinkleCurrentStar","css animation","source-defined visual motion","true","false"
"cosmicForge/cosmicForge/styles.css#@keyframes-waveAnimation","css animation","source-defined visual motion","true","false"
"cosmicForge/cosmicForge/styles.css#@keyframes-winCinematic2CreditsScroll","css animation","source-defined visual motion","true","false"
"cosmicForge/cosmicForge/styles.css#@keyframes-winCinematic2Flash","css animation","source-defined visual motion","true","false"
"cosmicForge/cosmicForge/styles.css#@keyframes-winCinematic2RipFadeOut","css animation","source-defined visual motion","true","false"
"cosmicForge/cosmicForge/styles.css#@keyframes-winCinematic2RipSequence","css animation","source-defined visual motion","true","false"
"cosmicForge/cosmicForge/styles.css#@keyframes-winCinematic2RipZipSequence","css animation","source-defined visual motion","true","false"
"cosmicForge/cosmicForge/styles.css#@keyframes-winCinematic2ShipFly","css animation","source-defined visual motion","true","false"
"cosmicForge/cosmicForge/styles.css#@keyframes-winCinematic2StarsDrift","css animation","source-defined visual motion","true","false"
"cosmicForge/cosmicForge/styles.css#@keyframes-winCinematic2TheEndFadeIn","css animation","source-defined visual motion","true","false"
"cosmicForge/cosmicForge/styles.css#@keyframes-winCinematic2VictoryFade","css animation","source-defined visual motion","true","false"
"cosmicForge/cosmicForge/styles.css#@keyframes-wobbleAnimation","css animation","source-defined visual motion","true","false"
"cosmicForge/cosmicForge/ui.js#@keyframes-scrollNews","css animation","source-defined visual motion","true","false"
